,episode_name,userReviewsNum,storyLine,ratings_distribution,US_ratings,US_votenums,nonUS_ratings,nonUS_votenums,All_All_rating,All_All_totalVotesNum,All_<18_rating,All_<18_totalVotesNum,All_18-29_rating,All_18-29_totalVotesNum,All_30-44_rating,All_30-44_totalVotesNum,All_45+_rating,All_45+_totalVotesNum,Male_All_rating,Male_All_totalVotesNum,Male_<18_rating,Male_<18_totalVotesNum,Male_18-29_rating,Male_18-29_totalVotesNum,Male_30-44_rating,Male_30-44_totalVotesNum,Male_45+_rating,Male_45+_totalVotesNum,Female_All_rating,Female_All_totalVotesNum,Female_<18_rating,Female_<18_totalVotesNum,Female_18-29_rating,Female_18-29_totalVotesNum,Female_30-44_rating,Female_30-44_totalVotesNum,Female_45+_rating,Female_45+_totalVotesNum,keyWords
0,Pilot,25,"The regional manager of a mid-range paper supply company, Michael Scott, is upset and concerned with his immediate superior Jan Levinson tells him that there may be downsizing at his branch. Meanwhile, other employees' reactions to the rumor such as Dwight Schrute, Jim Halpert, and Pam Beesly and unveiled.","[1167, 606, 1951, 2315, 890, 311, 129, 60, 72, 161]",7.6,1411,7.2,2529,7.4,7662,7.7,29,7.4,1655,7.3,2259,7.3,704,7.4,4271,7.7,21,7.4,1399,7.3,1930,7.2,571,7.3,678,8.5,4,7.3,213,7.2,292,7.6,128,"['pudding', 'boss', 'office', 'team']"
1,Diversity Day,11,"When Michael imitates a Chris Rock comedy routine, many people in the office are offended, prompting corporate to send in a sensitivity worker to give the Scranton office a diversity training day. When Michael is dissatisfied with the training, he creates his own diversity course (""Diversity Tomorrow""). Meanwhile, Jim loses one of his big commissions for the year.","[1812, 1620, 2299, 1011, 384, 139, 53, 31, 42, 133]",8.5,1454,7.9,2370,8.2,7524,8,24,8.2,1616,8.1,2199,8,661,8.1,4135,8.2,18,8.3,1365,8.1,1872,7.9,530,8.1,678,8.7,3,8,212,7.9,298,8.3,126,"['reference to abraham lincoln', 'tolerance', 'seminar', 'racism']"
2,Health Care,8,"When Michael is forced to pick a low-grade health care plan for his employees, he tells Dwight to do it for him. When Dwight chooses an extraordinarily bad plan for the Scranton Branch, the workers complain and Michael hides in his office, not wanting to face the wrath of his employees.","[884, 709, 2179, 1638, 484, 155, 60, 21, 41, 107]",8,1206,7.5,2076,7.7,6278,7.6,19,7.7,1362,7.6,1884,7.7,573,7.7,3549,7.9,14,7.7,1171,7.6,1615,7.7,464,7.7,548,8.3,3,7.8,166,7.5,242,7.8,104,"['office', 'healthcare']"
3,The Alliance,7,"Since the rumors of downsizing have occurred in the Scranton branch, Dwight thinks its best to secretly partner with Jim to have each others backs on it, while Jim takes this as an opportunity to have this as one of his pranks against Dwight.","[967, 896, 2354, 1208, 344, 101, 41, 13, 26, 107]",8.2,1168,7.8,1985,7.9,6057,7.9,17,7.9,1330,7.9,1816,7.9,533,7.9,3414,8.1,12,7.9,1138,7.9,1561,7.9,428,8,531,8.7,3,8.1,165,7.8,230,8,101,['box']
4,Basketball,8,Michael and his staff challenge the warehouse workers to a basketball game with a bet looming over both parties.,"[1644, 1657, 2058, 799, 307, 83, 32, 13, 23, 120]",8.5,1281,8.1,2128,8.3,6736,8.3,20,8.4,1480,8.2,1957,8.1,566,8.3,3734,8.2,14,8.4,1269,8.2,1689,8.1,452,8.1,571,8.7,3,8.3,178,8,242,8.2,111,"['reference to lord of the rings', 'game', 'basketball', 'team']"
5,Hot Girl,12,"When a purse saleswoman enters the office to sell her purses, she gets declined, but when Michael lays his eyes upon her, he decides she can stay at the office and sell her purses to the workers there. But not only Michael has his eyes on her, other employees and Jim look to share a date with her too.","[886, 579, 1946, 1659, 545, 154, 43, 21, 34, 110]",7.9,1170,7.5,1976,7.6,5977,7.4,16,7.6,1284,7.6,1823,7.7,545,7.6,3377,7.6,11,7.7,1099,7.6,1557,7.7,437,7.6,537,8,3,7.6,160,7.6,245,7.7,103,[]
6,The Dundies,7,"The time comes for the annual Dundies Awards to award everyone in the office with their fine work with odd categories. Created my Michael, he is overly excited for it while everyone else couldn't care less. Michael sends Pam to look at highlights from the past Dundies while preparing to have this years Dundies as Chili's.","[2127, 2033, 1564, 580, 195, 65, 25, 7, 27, 112]",8.8,1365,8.3,2045,8.6,6735,8.7,22,8.6,1451,8.5,1969,8.4,584,8.5,3656,8.7,15,8.6,1218,8.5,1655,8.3,461,8.7,654,9,3,8.8,197,8.6,295,8.9,118,[]
7,Sexual Harassment,6,The office reviews its sexual harassment policy in light of explicit e-mails.,"[1164, 1103, 2143, 862, 267, 70, 26, 12, 31, 104]",8.3,1168,8,1844,8.1,5782,7.9,17,8.1,1264,8.1,1724,8.1,519,8.1,3250,7.8,12,8.1,1080,8.1,1485,8,415,8,512,8.3,3,8,158,7.9,223,8.5,99,['sexual harassment']
8,Office Olympics,8,"Ready to finalize his deal for a new condo, Michael is away with Dwight while Jim rallies the staff together for office games.","[1170, 1331, 1969, 795, 236, 60, 14, 13, 21, 96]",8.4,1169,8,1810,8.2,5705,8.1,17,8.2,1243,8.2,1710,8.1,515,8.2,3183,8.2,12,8.2,1056,8.2,1455,8,406,8.3,536,8,3,8.4,161,8.1,239,8.5,105,['game']
9,The Fire,8,"A fire in the kitchen causes everyone to spend the rest of the day at the parking lot, while goofing off and playing games. On the other hand Michael is trying his best to explain business to Ryan, with a annoyed Dwight trying to get attention from Michael.","[1211, 1253, 1930, 774, 258, 62, 13, 7, 30, 86]",8.3,1151,8,1782,8.2,5624,8.5,18,8.2,1221,8.1,1685,7.9,496,8.2,3121,8.8,13,8.2,1029,8.1,1431,7.9,393,8.2,531,8.3,3,8.2,164,8.1,238,8.4,99,"['staff', 'reference to star wars', 'reference to harry potter', 'fire']"
10,Halloween,6,"Michael is pressured by corporate to fire someone, which puts a damper on the office Halloween party.","[905, 887, 2039, 980, 255, 67, 19, 12, 26, 88]",8.2,1106,7.9,1683,8,5278,7.6,16,8,1166,8,1568,7.9,496,8,3001,7.7,11,8,999,8,1356,7.9,399,8,464,8.3,3,8,146,7.9,196,8.3,94,"['firing an employee', 'halloween episode', 'halloween party', 'halloween', 'two headed costume', '8 more']"
11,The Fight,5,Jim rallies the staff together to witness a showdown between Michael and Dwight at Dwight's martial arts school.,"[969, 883, 1954, 991, 265, 67, 22, 11, 18, 100]",8.2,1077,7.9,1684,8,5280,7.7,16,8,1167,8,1559,7.8,490,8,2988,7.8,11,8,995,8,1350,7.8,392,8,461,8,3,8.1,149,7.8,192,8.2,94,"['spit in the mouth', ""spitting into someone's mouth"", ""spitting in someone's mouth"", 'karate']"
12,The Client,7,"With Michael and Jan Levinson-Gould away from the office to land a new client, the staff discovers an unproduced screenplay in Michael's office.","[1461, 1703, 1560, 498, 158, 44, 12, 13, 24, 91]",8.7,1102,8.4,1755,8.5,5564,8.1,17,8.5,1208,8.5,1635,8.3,507,8.5,3099,8.3,12,8.5,1034,8.5,1402,8.3,396,8.4,502,8.3,3,8.4,150,8.3,214,8.7,105,['office']
13,Performance Review,6,"It's performance review time at Dunder Mifflin and it is up to Michael Scott to evaluate his employees to determine if any pay increases or bonuses are necessary. Jan from corporate is also coming into review him and, since it will be his first time seeing her face-to-face since their encounter in the Chilli's parking lot, Michael begins asking his employees for their advice regarding his relationship with Jan. Meanwhile, a suggestion box is opened at the Scranton branch so that employees can express their suggestions in improving the branch, with disastrous results.","[857, 869, 2070, 818, 221, 50, 10, 7, 27, 91]",8.2,1038,8,1639,8.1,5020,8,15,8.1,1118,8,1510,8,469,8.1,2879,8.1,10,8.1,958,8.1,1309,7.9,375,8.1,440,9,3,8.1,140,7.9,186,8.5,90,[]
14,E-Mail Surveillance,6,"Michael decides to set up e-mail surveillance for all company e-mail, and discovers that Jim has invited everyone over for a barbeque except him.","[1111, 1194, 1866, 635, 174, 51, 18, 11, 24, 86]",8.4,1073,8.1,1665,8.3,5170,8.3,16,8.3,1140,8.2,1547,8.1,481,8.2,2929,8.5,11,8.3,975,8.2,1331,8,381,8.4,467,8.3,3,8.5,145,8.2,200,8.6,97,"['reference to battlestar galactica', 'finger gun']"
15,Christmas Party,6,"Seeing the party is headed for disastrous boredom, Michael breaks corporate policy to buy alcohol for the staff.","[1953, 1832, 1216, 419, 114, 37, 15, 6, 28, 122]",8.9,1169,8.6,1773,8.8,5742,8.8,19,8.8,1247,8.7,1673,8.4,525,8.7,3184,8.8,13,8.9,1064,8.7,1434,8.4,416,8.6,513,9,3,8.8,157,8.5,220,8.6,106,"['christmas episode', 'secret santa', 'oven mitt', 'stripped naked', 'vodka', '2 more']"
16,Booze Cruise,9,"It is time for the first Dunder Mifflin camaraderie event for the year and Michael decides to set his motivational speech on a mandatory, late night booze cruise. On board, Jim is absolutely devastated when Roy finally asks Pam to set a date for the wedding.","[1520, 1624, 1466, 551, 183, 41, 14, 6, 31, 88]",8.7,1177,8.3,1733,8.5,5524,8.7,17,8.5,1203,8.4,1639,8.4,531,8.5,3075,8.8,12,8.5,1021,8.4,1384,8.3,415,8.6,545,9,3,8.6,159,8.4,240,8.8,110,"['staff', 'boat']"
17,The Injury,9,"Michael, being Michael Scott, overreacts to an 'injury' he has. This steers everyone away from realising that Dwight is the one with a more serious injury. No matter how ill or injured you are though, if you call shotgun, you get the front seat, no matter what...at least according to Michael.","[3096, 1833, 1016, 326, 107, 27, 8, 5, 23, 182]",9.2,1386,8.8,1937,9,6623,9,20,9,1411,9,1930,8.7,561,8.9,3476,9.1,12,9,1169,8.9,1587,8.6,422,9.1,714,9,4,9,210,9.1,320,9.1,134,"['injury', 'reference to george foreman']"
18,The Secret,6,"Jim fears the secret he told to Michael, in confidence, will be revealed to the staff.","[890, 998, 1933, 746, 160, 49, 12, 6, 32, 77]",8.3,1014,8.1,1621,8.2,4903,7.9,15,8.2,1093,8.1,1482,8,463,8.2,2795,8,10,8.2,930,8.1,1272,8,362,8.1,458,8.7,3,8.3,141,8,195,8.3,98,"['secret', 'hooters']"
19,The Carpet,6,Michael's office becomes the victim of an odorous prank which subjects the office to his punishment.,"[698, 514, 1773, 1238, 365, 90, 37, 15, 28, 85]",7.9,1004,7.6,1585,7.7,4843,7.2,15,7.7,1071,7.7,1453,7.7,458,7.7,2760,7.2,10,7.7,913,7.7,1251,7.6,361,7.7,442,7.7,3,7.7,140,7.6,185,8,94,"['office', 'carpet']"
20,Boys and Girls,7,"Jan comes into the Scranton Branch to give all the female employees a group seminar on women in the workplace. Upset that he is not allowed in on the proceedings, Michael takes all the men of Dunder Mifflin down into the warehouse for some ""guy time"" with the warehouse workers. Pam is offered a chance to pursue her dreams of drawing and Roy confronts Jim about his feelings for Pam.","[829, 833, 1889, 827, 247, 44, 20, 13, 22, 90]",8.2,1009,7.9,1584,8,4814,7.6,16,8.1,1078,8,1449,8,453,8,2753,7.7,11,8.1,925,8,1244,7.9,356,8,441,7,3,8.1,136,7.8,190,8.6,94,[]
21,Valentine's Day,7,"When Michael visits Dunder Mifflin corporate headquarters in New York on Valentine's Day, he and Jan are both in for a surprise. Meanwhile, back in Scranton, the office staff celebrates Valentine's Day grade school style.","[930, 963, 1931, 660, 181, 43, 21, 5, 20, 83]",8.3,983,8.1,1595,8.2,4837,7.9,13,8.2,1086,8.1,1449,8,451,8.2,2775,7.8,10,8.2,929,8.2,1256,8,357,8.2,432,8,1,8.3,141,7.9,178,8.4,91,"['jealousy', 'new york city', ""valentine's day""]"
22,Dwight's Speech,8,Michael coaches pompous Dwight on the finer art of public speaking after being named as Salesman of the Year.,"[1233, 1334, 1584, 624, 182, 57, 13, 6, 24, 89]",8.4,1043,8.2,1651,8.3,5146,8.1,15,8.4,1159,8.2,1500,8.1,466,8.3,2905,8.3,11,8.4,993,8.3,1296,8.1,367,8.2,454,9,2,8.3,144,8,188,8.4,96,['speech']
23,Take Your Daughter to Work Day,8,"A routine office day is changed when children come to Dunder Mifflin for ""Take Your Daughter to Work Day."" Michael is surprised when he strikes up a friendship with the five-year old daughter of his sworn enemy, Toby. Pam is desperate to befriend her colleagues' offspring and a misunderstanding puts Ryan under Stanley's thumb.","[1028, 1067, 1816, 719, 192, 43, 12, 11, 32, 70]",8.3,1045,8.1,1597,8.2,4990,8.2,15,8.3,1108,8.1,1488,8,467,8.2,2812,8.3,12,8.3,946,8.1,1268,8,364,8.2,469,7,1,8.4,140,8,205,8.3,100,['calling parent by first name']
24,Michael's Birthday,6,"It is Michael's birthday and he begins making special demands of everybody in the office, and he is met with a chilly reception. Unbeknown to him, Kevin is waiting to hear the results of a test to determine whether or not he has skin cancer. In an effort to help, Jim and Pam sneak out of the office to buy Kevin an assortment of goodies to try and make him feel better.","[861, 792, 1895, 842, 226, 57, 18, 5, 24, 90]",8.1,1011,7.9,1553,8,4810,8.1,15,8.1,1069,7.9,1448,7.8,455,8,2730,8.1,11,8,912,7.9,1237,7.8,359,8,449,8,2,8.3,138,7.8,197,8.1,93,['staff']
25,Drug Testing,4,"When Dwight finds half a joint in the Dunder Mifflin parking lot, he puts on his Volunteer Sheriff's uniform and launches a full investigation -- prompting Michael to ask for an unusual favor. Pam playfully issues a challenge to Jim and he does his best to follow through with it.","[1078, 1118, 1741, 614, 169, 56, 16, 9, 20, 87]",8.4,1038,8.1,1582,8.3,4908,8.1,15,8.3,1097,8.2,1489,8,444,8.2,2774,8.3,11,8.3,940,8.2,1261,8,349,8.3,468,8,1,8.3,139,8.2,213,8.5,92,['cannabis']
26,Conflict Resolution,7,"When Michael takes over conflict resolution duties from HR, chaos ensues at Dunder Mifflin.","[1381, 1614, 1310, 420, 130, 34, 10, 8, 25, 91]",8.7,1043,8.4,1605,8.6,5023,8.4,15,8.6,1131,8.5,1500,8.3,448,8.6,2831,8.6,11,8.7,962,8.5,1286,8.3,348,8.6,465,8,1,8.6,147,8.5,199,8.8,97,[]
27,Casino Night,20,The Dunder Mifflin crew holds a casino party at the warehouse and Michael has two dates.,"[4115, 1815, 742, 222, 75, 30, 7, 5, 25, 203]",9.4,1522,9.1,2138,9.3,7239,9.4,21,9.3,1577,9.2,2138,8.9,593,9.2,3832,9.5,15,9.3,1300,9.2,1754,8.9,456,9.4,772,10,1,9.4,232,9.3,362,9.4,133,"['confession of love', 'casino', 'reference to hooters restaurant']"
28,Gay Witch Hunt,15,"Michael apologizes to Oscar, after he finds out he's gay, for calling him a homosexual slur--but his apology outs Oscar to the entire office. And Jim decides to take a promotion at the Stamford office.","[2750, 1995, 953, 333, 134, 44, 17, 6, 30, 205]",9,1277,8.8,1985,9,6467,9,21,9,1418,8.9,1867,8.6,557,8.9,3515,9.4,14,9,1192,8.9,1595,8.6,436,8.8,592,5,2,8.9,188,8.8,254,8.7,113,['office']
29,The Convention,3,"Michael and Dwight attend an industry convention where they are reunited with Jan, Jim and his new boss, Josh. As Michael struggles with fear that Jim transferred just to get away from him, Jim and Pam continue to work and live away from each other.","[811, 907, 1866, 756, 202, 53, 10, 5, 23, 82]",8.2,995,7.9,1549,8.1,4715,7.8,13,8.1,1068,8,1424,7.9,445,8.1,2712,8,9,8.1,916,8.1,1227,7.9,349,8,430,7.5,2,8.1,132,7.8,181,8.2,92,[]
30,The Coup,4,"An office power play ensues when ultra-serious Angela, offended by Michael's various antics and his inefficient leadership, leans heavily on Dwight to make a push for Michael's job. Meanwhile, Pam puts on a lunchtime fashion show; and Jim's attempts to play a video game turn deadly---in a virtual sense.","[1188, 1437, 1482, 517, 155, 43, 7, 4, 21, 81]",8.5,1023,8.3,1601,8.5,4935,8.3,15,8.5,1107,8.4,1485,8.1,450,8.4,2837,8.3,11,8.5,950,8.4,1289,8.1,355,8.2,430,8.5,2,8.3,136,8,180,8.3,91,['game']
31,Grief Counseling,5,"When former Dunder Mifflin regional manager and Michael's old boss Ed Truck is killed in a car accident, Michael finds it hard to deal with his death and insists that the entire staff of the Scranton branch have a grief counseling session. Meanwhile at the Stamford Branch, Jim and Karen go on a hunt for a brand of chips their vending machines were sold out of.","[854, 734, 1687, 957, 263, 78, 30, 9, 24, 88]",8,995,7.8,1552,7.9,4724,7.6,13,8,1053,7.8,1436,7.7,444,7.9,2691,7.8,9,8,897,7.8,1227,7.6,349,8,450,7,2,8.1,140,7.8,194,8.2,91,"['office', 'bird', 'dead bird', 'funeral', 'funeral for a bird']"
32,Initiation,8,"Dwight takes new full-timer Ryan (B.J. Novak, who also wrote the episode) out on his first sales call, but he puts the novice through a series of demanding tests and challenges, not to mention an unnecessary excursion to the Schrute family beet farm. Meanwhile, Michael is ordered by corporate to log his work activity; and Jim tries to adapt to life at the Stamford branch.","[824, 697, 1820, 819, 236, 68, 19, 4, 25, 80]",8.1,968,7.8,1520,8,4592,7.7,14,8,1041,7.9,1393,7.8,435,7.9,2636,7.8,10,8,891,7.9,1197,7.7,338,8,429,8,2,8.1,132,7.9,180,8.2,94,"['farm', 'egg', 'pretzel']"
33,Diwali,5,"Michael encourages the entire Scranton branch to support Kelly and attend a local celebration of Diwali, the Hindu Festival of Lights. Meanwhile, Andy convinces Jim to turn a late night of work into a drinking game.","[846, 656, 1694, 1025, 334, 95, 25, 18, 20, 101]",8,1013,7.7,1575,7.8,4814,6.5,14,7.9,1069,7.7,1469,7.8,453,7.8,2734,7.8,9,7.8,911,7.7,1251,7.7,349,7.9,467,3,3,8,139,7.8,201,8.2,101,"['diwali', 'nbc', 'boyfriend girlfriend relationship', 'reference to beyonce', 'reference to lord of the rings']"
34,Branch Closing,6,"When Jan tells Michael that the Scranton Branch will be shutting down, Michael strives to keep his staff's spirits up. Meanwhile, everyone privately begins to envision how their lives will change in the aftermath.","[1136, 1469, 1403, 445, 127, 32, 8, 1, 16, 88]",8.6,977,8.4,1546,8.5,4725,8,13,8.5,1052,8.4,1425,8.2,437,8.5,2684,8.4,10,8.6,900,8.4,1218,8.2,344,8.3,437,8,1,8.5,133,8.1,191,8.4,90,['staff']
35,The Merger,3,Jan informs Michael that the Scanton branch of Dunder Mifflin will be merging with the Stamford Branch. Jim and Pam are reunited while the other employees of both branches must adjust to their new co-workers.,"[1393, 1639, 1197, 421, 111, 40, 8, 11, 21, 84]",8.7,1030,8.5,1584,8.6,4925,8,15,8.7,1081,8.6,1489,8.3,449,8.6,2782,8.4,12,8.7,920,8.6,1267,8.2,355,8.4,458,8,1,8.5,138,8.3,206,8.4,91,[]
36,The Convict,8,"Michael learns that one of the new employees at Dunder Mifflin Scranton has a criminal record. Meanwhile, Jim helps Andy make a move on Pam.","[1161, 996, 1662, 718, 191, 58, 15, 11, 19, 100]",8.3,1058,8,1577,8.2,4931,8.3,16,8.2,1081,8.1,1501,7.9,461,8.1,2781,8.2,11,8.2,919,8.1,1272,7.9,355,8.1,482,8.7,3,8.2,137,8,211,8.1,103,"['criminal', 'reference to harry potter']"
37,A Benihana Christmas,5,"In a special one hour Christmas episode, Michael sends out an inappropriate Christmas Card which lands him in hot water with his girlfriend Carol. Meanwhile tensions mount on the party planning committee between Angela, Pam and Karen. The resulting tension leave the office with two competing Christmas parties.","[1663, 1700, 1141, 391, 139, 37, 19, 7, 19, 105]",8.8,1159,8.5,1627,8.7,5221,8.5,17,8.7,1126,8.6,1589,8.4,500,8.7,2936,8.8,12,8.7,964,8.6,1336,8.4,389,8.7,508,7,2,8.7,136,8.5,234,8.9,107,"['christmas episode', 'boyfriend girlfriend relationship', 'bicycle', 'karaoke', 'christmas']"
38,Back from Vacation,5,"Michael returns from his Jamaican vacation healthy and revitalized, but it is short lived as a saucy photograph from his vacation begins circulating around the office. Meanwhile, Jim and Karen have an argument and Pam is caught right in the middle of it.","[1161, 1377, 1435, 427, 129, 34, 8, 6, 18, 86]",8.6,983,8.4,1542,8.5,4681,8.7,14,8.5,1047,8.4,1427,8.3,440,8.5,2666,8.9,10,8.5,894,8.5,1215,8.2,339,8.4,450,8,2,8.6,134,8.2,198,8.8,96,['accident']
39,Traveling Salesmen,7,"Dwight does a favor for Angela to keep her from getting in trouble. Andy finds out and uses it against him to get in tighter with Michael. Now Dwight must fess up, which will reveal his relationship with Angela, or risk getting fired.","[1214, 1431, 1342, 466, 109, 32, 10, 4, 26, 82]",8.6,1013,8.4,1538,8.5,4716,8.6,14,8.6,1047,8.5,1447,8.3,452,8.5,2681,8.7,10,8.6,893,8.5,1223,8.2,343,8.5,469,9,2,8.6,133,8.4,207,8.7,106,[]
40,The Return,7,"Oscar Martinez returns to the office after a prolonged vacation with his boyfriend Gill, with mixed feelings about whether or not he still wants to work at Dunder Mifflin. Meanwhile, Jim turns to Karen and Pam to plan a prank on a new victim.","[1608, 1656, 1066, 365, 93, 32, 12, 4, 21, 101]",8.8,1063,8.6,1572,8.7,4958,9,15,8.8,1098,8.7,1502,8.4,453,8.7,2779,9,10,8.8,936,8.7,1270,8.4,346,8.7,485,8.5,2,8.8,139,8.6,217,8.9,103,"['party', 'reference to battlestar galactica']"
41,Ben Franklin,3,"Since Phyllis is holding a bachelorette party in the office, Michael decides to hold a bachelor party in the warehouse downstairs. He assigns Jim to find a stripper for the women while he and Ryan are out finding dirty tricks for the bachelor party. Instead, Jim hires a Ben Franklin scholar for the women to enjoy. The bachelor party doesn't go as planned because none of the men want to participate with the stripper except Michael, who quickly feels uncomfortable because he has a girlfriend. Meanwhile, upstairs, Pam and Karen share a small conversation, during which Karen questions Pam about her feelings for Jim. With the ending of the bachelorette party, Ben Franklin hits on Pam and has an intense game of Ben Franklin trivia with Dwight.","[800, 745, 1708, 847, 272, 82, 19, 9, 12, 85]",8.2,1017,7.8,1478,8,4579,7.3,11,8,1011,7.9,1429,7.8,429,7.9,2603,7.4,8,8,856,7.9,1207,7.7,330,8.1,460,7,1,8.2,136,7.9,204,8.2,96,"['female stripper', 'reference to benjamin franklin']"
42,Phyllis' Wedding,7,"The time has come: Phyllis Lapin is finally getting married. At the ceremony, Dwight vows to protect the celebration from any wedding crashers, while Pam begins reminiscing about her own wedding plans. Meanwhile, Phyllis herself regrets giving her fianc??e, Bob Vance, an important job that was actually meant for Michael.","[946, 881, 1657, 759, 199, 66, 30, 11, 20, 71]",8.2,982,8,1508,8.1,4640,7.8,12,8.1,1021,8.1,1412,8,447,8.1,2641,8,8,8.1,873,8.1,1208,7.9,346,8.3,433,8.5,2,8.4,128,8.1,188,8.6,96,"['nbc', 'wedding', 'husband wife relationship']"
43,Business School,12,"When asked by Ryan to be a guest speaker at his business school, Michael is honored and is very excited about it. But while there, a very rude remark about Dunder Mifflin makes Michael mad and he takes it out on the class and Ryan. Meanwhile Dwight finds a bat in the office and tries to solve the problem all while Jim tricks Dwight into thinking he is turning into a vampire.","[1906, 1740, 1067, 363, 104, 34, 9, 6, 13, 145]",8.9,1105,8.7,1681,8.8,5387,9.1,15,8.9,1179,8.7,1585,8.5,488,8.8,2975,9.2,10,8.9,999,8.7,1346,8.5,379,8.8,513,9,2,9,155,8.7,222,9,104,[]
44,Cocktails,4,"Michael, Dwight, Jim, Karen, and Jan all go to the Dunder Mifflin CFO's party. While there, Michael and Jan make their relationship public. Meanwhile, the rest of the office goes to Poor Richard's. Pam wants to start a fresh and new relationship with Roy, but when he finds out about Pam and Jim's kiss, he gets very aggressive.","[1012, 1247, 1489, 532, 151, 37, 10, 6, 17, 77]",8.5,999,8.2,1499,8.4,4578,8.2,13,8.4,1027,8.3,1431,8.2,421,8.3,2642,8.5,9,8.4,881,8.3,1222,8.1,329,8.3,427,8.5,2,8.5,125,8.1,193,8.6,89,[]
45,The Negotiation,9,"Dwight saves Jim from an attack by Roy, but Dwight won't allow Jim to thank him for it. Meanwhile, Darryl asks Michael for a pay raise, and Michael discovers that he is woefully underpaid--so Michael goes to headquarters to ask for one himself.","[1985, 1781, 914, 278, 86, 20, 9, 6, 15, 149]",8.9,1078,8.8,1650,8.9,5243,8.8,14,9,1160,8.9,1542,8.7,477,8.9,2924,9,10,9,985,8.9,1319,8.6,371,8.8,481,9,1,8.9,152,8.7,203,9,102,"['reference to star wars', 'wikipedia', 'pay raise']"
46,Safety Training,5,"Andy returns to the office after weeks of anger management training, determined to make a fresh start with all the Dunder-Mifflin employees. Meanwhile, it's safety training day in the office, and Michael and Dwight are on a mission to illuminate the dangers of the workplace.","[1517, 1560, 1122, 385, 132, 34, 16, 8, 18, 85]",8.7,1043,8.5,1558,8.7,4877,8.6,14,8.7,1087,8.6,1478,8.3,443,8.6,2754,9,10,8.7,919,8.6,1256,8.3,342,8.5,476,9,2,8.6,145,8.4,209,8.6,98,[]
47,Product Recall,5,"Michael tries to be proactive during a watermark crisis, but only makes the situation worse. Meanwhile, Angela has trouble being apologetic with customers, and Andy discovers a secret about his new girlfriend.","[1384, 1471, 1177, 460, 130, 51, 8, 6, 11, 106]",8.7,1035,8.4,1557,8.6,4804,8.6,13,8.6,1068,8.5,1478,8.3,449,8.6,2719,8.8,9,8.6,901,8.6,1248,8.3,350,8.5,485,7.5,2,8.6,148,8.3,217,8.6,95,"['girl', 'reference to battlestar galactica']"
48,Women's Appreciation,4,"Phyllis gets flashed in the parking lot, and Dwight goes all out to secure the premises. Michael ostensibly takes the women in the office to the mall to comfort them, but he's really doing it to get advice about breaking up with Jan.","[1486, 1604, 1127, 343, 118, 28, 9, 10, 9, 140]",8.8,998,8.6,1566,8.7,4874,9,14,8.8,1104,8.7,1455,8.3,424,8.7,2728,9,10,8.8,936,8.7,1239,8.3,331,8.7,461,9,1,8.8,143,8.6,203,8.7,88,[]
49,Beach Games,5,"Michael is being considered for a position in corporate, but also plans a day of ""Survivor"" like competitions while the office workers visit Lake Scranton. Pam is not asked to join in on any of the competitions and is forced to sit and watch Jim and Karen have fun.","[2587, 1677, 816, 252, 83, 29, 7, 3, 9, 176]",9.1,1135,8.9,1731,9.1,5639,9.3,15,9.2,1236,8.9,1638,8.7,479,9,3052,9.5,10,9.2,1034,8.9,1383,8.6,371,9.1,553,9.5,2,9.2,179,9,239,9.1,105,"['reference to harry potter', 'singing']"
50,The Job,11,"Michael, Jim, and Karen all go to the New York Dunder Mifflin building to have an interview with David Wallace about getting a job at corporate. But when Jan finds out the job they are applying for is her job, she gets furious. Meanwhile down at the Scranton office, since Michael was sure of getting the job, he assigned Dwight as the new manager which Pam decides to take advantage as Dwight does his new duties.","[3229, 1598, 637, 209, 62, 21, 8, 3, 12, 175]",9.3,1218,9.1,1840,9.2,5954,9.4,15,9.4,1287,9.2,1803,8.9,495,9.2,3248,9.5,10,9.4,1088,9.2,1511,8.8,381,9.2,587,9.5,2,9.3,171,9.1,272,9,111,['manager']
51,Fun Run,7,"The run for the cure-special one-hour premiere - A freak accident causes Michael to feel the office is cursed. He explores the religious beliefs of his employees before deciding to hold a charity 5K fun run. Meanwhile, further developments in the romances of Pam and Jim, and Dwight and Angela are explored.","[1935, 1665, 1124, 391, 137, 53, 16, 4, 14, 127]",8.8,1237,8.5,1658,8.7,5466,9,16,8.8,1168,8.6,1697,8.4,480,8.6,3020,9,11,8.8,980,8.6,1414,8.4,378,8.7,561,8.5,2,8.9,159,8.6,268,8.7,98,"['reference to pamela anderson', 'reference to the simpsons']"
52,Dunder Mifflin Infinity,6,"There's a new boss in town - Much to the dismay of Michael and many of the employees, Ryan return to the Scranton branch of Dunder Mifflin to bring the company into the digital age. Angela is still upset about her cat.","[942, 946, 1689, 625, 189, 45, 16, 2, 7, 61]",8.3,968,8,1483,8.2,4522,8.1,13,8.2,1006,8.1,1424,8,405,8.1,2597,8.1,9,8.2,857,8.1,1206,8,318,8.2,435,9,2,8.2,127,8,200,8.5,84,"['reference to red bull', 'pizza', 'sushi', 'reference to vince vaughn']"
53,Launch Party,6,"The Dunder Mifflin Infinity website is launching and Michael is excited about going to the big launch party in New York while Angela plans a satellite party for the Scranton branch. Meanwhile, Dwight competes against the website to see who can sell the most paper in one day.","[996, 1071, 1531, 517, 170, 40, 14, 4, 4, 61]",8.4,934,8.2,1460,8.3,4408,8.4,13,8.4,989,8.2,1370,8.1,394,8.3,2538,8.5,9,8.4,848,8.3,1168,8.1,310,8.3,408,9,2,8.4,121,8,186,8.5,82,"['nbc', 'boyfriend girlfriend relationship', 'pizza', 'reference to apple', 'reference to dr. seuss']"
54,Money,6,"As Jan renovates the condo, Michael confronts his growing debt every way he can, which includes pressuring his employees for a loan. Pam and Jim spend a night out on Dwight's family beet farm, now a bed and breakfast.","[1368, 1490, 1173, 421, 138, 37, 20, 2, 5, 75]",8.7,981,8.4,1545,8.6,4729,8.8,13,8.7,1054,8.5,1452,8.3,414,8.5,2687,8.8,9,8.7,894,8.5,1239,8.3,332,8.5,434,9,2,8.8,136,8.3,197,8.6,80,"['nbc', 'boyfriend girlfriend kiss', 'boyfriend girlfriend relationship', 'reference to tripadvisor', 'reference to harry potter']"
55,Local Ad,7,"THE WONDERFUL WORLD OF ADVERTISING - When the Scranton branch is asked to participate in a Dunder Mifflin ad, Michael seizes his chance to exhibit his creativity. Meanwhile, Dwight explores the online world of Second Life.","[1510, 1572, 1121, 380, 98, 37, 11, 2, 8, 121]",8.7,993,8.6,1561,8.7,4860,8.9,14,8.8,1086,8.6,1472,8.4,426,8.7,2718,9,9,8.8,907,8.6,1251,8.4,338,8.6,471,8.5,2,8.8,154,8.5,205,8.6,86,"['commercial', 'boyfriend girlfriend relationship', 'tv commercial', 'pub']"
56,Branch Wars,3,"When Michael finds out that Karen, now the regional manager at the Dunder Mifflin Utica branch, is taking Stanley, he devises a plan to take Dwight and trick Jim into driving to the Utica branch and dressing up as warehouse workers to steal their industrial machine. Meanwhile back at the office, Pam, Oscar, and Toby created the Finer Things Club which is a book club, which Andy and others want to access to.","[1090, 1218, 1383, 521, 143, 46, 11, 6, 4, 66]",8.4,930,8.2,1475,8.4,4488,8.6,13,8.4,1017,8.2,1356,8.1,398,8.3,2561,8.9,9,8.4,860,8.3,1169,8.1,319,8.2,402,9,2,8.3,134,8,171,8.4,77,"['boyfriend girlfriend relationship', 'reference to utica new york', 'reference to scranton pennslyvania', 'prank', 'book club', '5 more']"
57,Survivor Man,2,"Michael goes on a survival adventure into the woods - with nothing except the suit on his back - in retaliation of not getting an invite to a similar party from corporate. Back at the office, there is a birthday going on while Jim tries to revolutionize the party.","[855, 825, 1618, 670, 218, 59, 19, 8, 5, 51]",8.1,889,8,1435,8.1,4328,7.7,12,8.2,970,8,1339,7.9,375,8.1,2476,8,8,8.2,823,8,1145,7.9,297,8.1,401,7.5,2,8.3,127,7.9,178,8.3,76,"['nbc', 'boyfriend girlfriend relationship', 'reference to battlestar galactica', 'tree', 'camping trip', '8 more']"
58,The Deposition,8,"Michael and Jan go to New York to since Jan sued Dunder Mifflin over her termination thinking it was her breast implants that caused it. Michael is an accomplice and things go awry when different scenarios arise such as the photo Michael took of Jan on their Christmas break showing they had a relationship earlier then announced. Meanwhile back at Scranton, over numerous losses against Darryl in ping-pong over Jim, Kelly has been smack talking Pam and to get rid of this problem Pam wants Jim to practice and do a rematch against Darryl.","[1284, 1523, 1154, 391, 126, 42, 8, 1, 5, 71]",8.7,952,8.5,1491,8.6,4605,8.8,15,8.6,1033,8.5,1391,8.4,408,8.6,2608,8.7,10,8.7,877,8.5,1187,8.4,323,8.5,427,7.5,2,8.6,135,8.3,189,8.5,83,['ping pong']
59,Dinner Party,19,"Michael invites Jim and Pam and Andy and Angela to a couples-only dinner party, which makes Dwight very jealous. However, the only thing he's missing is a ringside seat to witness Michael and Jan's extremely dysfunctional home life.","[6209, 1499, 653, 238, 93, 44, 19, 11, 9, 180]",9.4,1803,9.2,2478,9.4,8955,9.5,17,9.5,1960,9.3,2544,9.1,639,9.4,4632,9.6,11,9.5,1595,9.3,2084,9.1,489,9.4,970,9.7,3,9.6,315,9.2,431,9.3,146,"['reference to the terminator', 'reference to arnold schwarzenegger', 'reference to james bond', 'tivo', 'reference to joe montana', '9 more']"
60,Chair Model,8,"Kevin and Andy team up to reclaim the stolen Dunder Mifflin parking spaces, which forces them into a showdown with the other four bosses of the office park. Meanwhile, Michael becomes fascinated by a woman modeling chairs in a catalog.","[746, 629, 1586, 871, 243, 77, 20, 8, 11, 57]",8,930,7.8,1416,7.9,4248,7.2,11,7.9,949,7.9,1346,7.8,384,7.9,2432,7.5,7,7.9,803,7.9,1134,7.8,303,7.9,419,7,2,8,126,7.8,197,8,79,['reference to the godfather']
61,Night Out,6,"Michael and Dwight go to New York to party with Ryan, who is having lots of personal and professional problems. The rest of the office employees work late, and wind up getting locked in the business park.","[1142, 1412, 1206, 417, 126, 39, 8, 4, 3, 76]",8.6,921,8.4,1472,8.5,4433,8.3,12,8.6,1001,8.5,1370,8.3,389,8.5,2533,8.4,8,8.6,852,8.5,1176,8.2,305,8.4,401,8,2,8.5,126,8.3,176,8.5,82,"['reference to back to the future', 'website', 'nightclub', 'locked door', 'late night', '6 more']"
62,Did I Stutter?,7,"Michael tries to figure out how to respond to Stanley's insubordination during a meeting, and Dwight buys Andy's vehicle and immediately flips it for more money.","[897, 860, 1547, 620, 179, 47, 15, 10, 6, 61]",8.3,895,8,1425,8.2,4242,8,12,8.3,968,8.1,1323,7.9,370,8.2,2439,8.3,8,8.3,820,8.1,1136,7.9,291,8,387,8,2,8.3,126,7.8,169,8.1,77,"['episode title spoken by character', 'reference to the warriors', 'car']"
63,Job Fair,5,"Dunder Mifflin participates in a high school job fair, but few students are interested. Jim, Andy, and Kevin play a round of golf with a prospective client. Back at the office, everyone but Dwight and Angela leave for the day.","[598, 388, 1517, 1056, 314, 88, 36, 13, 11, 54]",7.8,868,7.5,1368,7.7,4075,7.5,11,7.7,919,7.6,1269,7.6,377,7.6,2360,7.9,7,7.7,786,7.6,1089,7.6,298,7.7,370,4,2,7.8,115,7.5,162,8,77,"['job fair', 'golf', 'traitor', 'sneaking out', 'paper', '5 more']"
64,"Goodbye, Toby",14,"The day has come, it is Toby's last day at the office as he leaves to go to Costa Rica. Michael is super excited that Toby is leaving and makes the party extra special. But Toby's replacement Holly Flax, is now the new crush of Michael, which means Michael has to act nice towards Toby, and Michael finds out some interesting news. While Jim uses this night to propose to Pam, someone else proposes. Back at corporate, Ryan gets arrested for Fraud because he was recording sales twice from the website and offices to deceive Dunder Mifflins shareholders.","[3415, 1537, 647, 188, 69, 19, 6, 3, 9, 159]",9.3,1206,9.1,1877,9.3,6052,9.5,16,9.4,1348,9.1,1807,8.9,469,9.2,3315,9.6,11,9.4,1136,9.2,1527,8.8,365,9.1,573,9,2,9.3,180,9,261,9,100,"['reference to star wars', 'going away party', 'supermarket', 'sperm bank', 'rock', '11 more']"
65,Weight Loss,5,"Michael tries to motivate the Scranton branch to lose weight as part of an interoffice competition. Jim is lost after Pam leaves for art school in New York, and Angela continues to see Dwight even though she is now engaged to Andy.","[1656, 1620, 1054, 323, 118, 42, 9, 7, 6, 125]",8.7,1066,8.6,1581,8.7,4960,8.9,13,8.8,1067,8.6,1551,8.3,436,8.7,2781,8.9,8,8.8,897,8.6,1317,8.2,344,8.8,480,9.5,2,9,147,8.6,218,8.7,90,"['reference to star wars', 'reference to star wars return of the jedi', 'reference to ghostbusters']"
66,Business Ethics,2,A confession at an H.R. business ethics seminar leads to a dispute between Michael and Holly over whether Meredith should be fired. Dwight tries to prove to Jim how long he can go without taking a personal break.,"[785, 790, 1626, 613, 143, 45, 12, 7, 6, 53]",8.2,851,8.1,1379,8.1,4080,7.8,12,8.2,913,8.1,1272,8,369,8.1,2365,8,8,8.2,782,8.1,1101,8,291,8.2,363,7.5,2,8.2,115,8,155,8.6,76,"['reference to star trek', 'reference to star wars', 'reference to star wars the empire strikes back', 'reference to star wars a new hope', 'reference to battlestar galactica', '1 more']"
67,Baby Shower,6,"After planning an office baby shower for Jan, Michael is upset when he finds out that she had the baby without him--even though he's already been told that he's not the baby's father.","[704, 576, 1574, 820, 242, 71, 19, 11, 10, 54]",8,840,7.8,1380,7.9,4081,7.5,11,8,925,7.8,1260,7.8,376,7.8,2356,7.7,7,8,789,7.8,1081,7.8,297,8,375,8,2,8.1,116,7.8,164,8.1,77,"['reference to the lion king', 'reference to sesame street']"
68,Crime Aid,4,"Michael and Holly have sex for the first time, and Michael holds a fundraiser for the office after it is burglarized. Dwight confides in Phyllis after Andy and Angela set a wedding date, and Jim runs into Pam's ex-fianc??, Roy.","[671, 623, 1648, 672, 183, 51, 15, 8, 5, 45]",8,810,7.8,1319,8,3921,7.8,11,8,892,7.9,1195,7.8,360,7.9,2270,8.1,7,8,766,7.9,1031,7.8,285,8,345,7,2,8.1,109,7.8,147,8.2,73,"['reference to the simpsons', 'reference to battlestar galactica']"
69,Employee Transfer,5,Michael and Holly are forced to question the future of their relationship after she is transferred out of Scranton. Dwight gets on Andy's nerves by pretending to be interested in his alma mater. Pam and Jim have an awkward lunch with his brothers.,"[708, 626, 1566, 743, 227, 59, 23, 14, 10, 55]",8,854,7.8,1344,7.9,4031,7.6,11,8,896,7.8,1261,7.8,366,7.9,2337,8,7,8,765,7.9,1092,7.8,289,7.9,360,7,2,8.1,113,7.7,153,8.1,75,"['halloween episode', 'reference to the joker', 'reference to carrie bradshaw', 'reference to the dark knight', 'boyfriend girlfriend relationship', '12 more']"
70,Customer Survey,7,"Dwight and Jim believe that something is suspicious about their low customer performance ratings. After consulting with Angela, Andy finds the perfect site for their wedding--Dwight's beet farm.","[1031, 1188, 1301, 439, 125, 29, 9, 10, 5, 56]",8.5,881,8.3,1365,8.4,4193,8.2,13,8.5,941,8.3,1277,8.1,368,8.4,2410,8.5,9,8.5,807,8.3,1106,8,292,8.3,366,9.5,2,8.5,114,8.2,157,8.5,74,"[""reference to 'schindler's list' 1993""]"
71,Business Trip,5,"David Wallace sends Michael on a business trip to Winnipeg to help him forget about Holly's transfer to Nashua, and Pam tells Jim that she failed a class and has to stay in New York City.","[721, 709, 1566, 637, 164, 45, 17, 5, 9, 52]",8.1,815,8,1323,8.1,3925,8,11,8.1,894,8,1204,8,362,8.1,2285,8.2,7,8.2,762,8,1044,7.9,290,8,347,7.5,2,8.1,113,7.9,146,8.3,70,['reference to austin powers']
72,Frame Toby,3,"When Michael discovers that corporate has brought back Toby to replace Holly, he tries to frame him with drugs and to get him fired. Meanwhile, Pam has issues with the disgusting microwave. Finally, Jim surprises Pam by buying his parents' house.","[1258, 1294, 1184, 399, 123, 29, 14, 6, 6, 57]",8.5,853,8.4,1439,8.5,4370,8.5,13,8.7,1003,8.4,1299,8.1,366,8.5,2470,8.7,9,8.7,858,8.4,1111,8.1,291,8.5,393,7.5,2,8.7,126,8.3,174,8.4,71,"['reference to the shining', 'reference to holly flax', 'reference to david wallace', 'boyfriend girlfriend sex', 'salad']"
73,The Surplus,3,"Michael has to spend the office surplus by they end of the day, but he can't decide between a copier or new chairs. Dwight plays a dirty trick on Angela as they prepare for Andy and Angela's wedding on the beet farm.","[1266, 1459, 1055, 335, 91, 31, 8, 6, 5, 74]",8.7,854,8.5,1432,8.7,4330,8.6,14,8.8,982,8.5,1301,8.3,368,8.6,2476,8.8,9,8.8,843,8.6,1129,8.3,294,8.5,367,8,2,8.7,121,8.4,156,8.6,72,"['surplus', 'stepping in shit']"
74,Moroccan Christmas,4,"Phyllis blackmails Angela into doing the work for the Christmas party, which Michael turns into an intervention after Meredith gets drunk and sets her hair on fire. Meanwhile, Dwight corners the market on a popular Christmas gift.","[884, 917, 1454, 491, 161, 52, 17, 10, 7, 56]",8.3,849,8.1,1343,8.3,4049,8,14,8.3,915,8.2,1236,8.1,365,8.2,2328,8.1,10,8.3,780,8.2,1067,8,290,8.3,365,8.5,2,8.5,117,8.2,155,8.3,73,"['christmas episode', 'christmas', 'christmas party', 'reference to the simpsons']"
75,The Duel,5,"Moments before he leaves for New York for a meeting with David Wallace, Michael tells Andy that Angela and Dwight are seeing each other. Andy and Dwight then decide to have it out in the parking lot.","[1233, 1406, 1024, 343, 101, 30, 14, 5, 6, 67]",8.6,854,8.5,1389,8.6,4229,8.6,13,8.8,954,8.5,1263,8.3,371,8.6,2406,8.8,9,8.8,814,8.5,1095,8.3,294,8.5,370,8,2,8.8,120,8.3,154,8.5,75,[]
76,Prince Family Paper,7,"Michael's conscience gets the best of him after he and Dwight go undercover to scout a family-run competitor. Back at the office, everyone else spends the day debating whether Hilary Swank is hot.","[724, 620, 1545, 729, 247, 76, 28, 18, 14, 64]",7.9,846,7.8,1339,7.9,4065,7.6,12,8,918,7.8,1238,7.7,365,7.9,2340,7.9,8,8,781,7.8,1072,7.7,289,7.9,360,6.5,2,8.1,117,7.7,151,8,73,['reference to hilary swank']
77,Stress Relief,51,"Dwight's too-realistic fire alarm gives Stanley a heart attack. When he returns, Michael learns that he is the cause of Stanley's stress. To remedy the situation, he forces the office to throw a roast for him.","[10382, 1424, 520, 181, 77, 36, 20, 15, 19, 201]",9.6,1989,9.6,3649,9.7,12875,9.8,26,9.8,3008,9.5,3402,9.1,655,9.6,6342,10,15,9.8,2372,9.5,2743,9.1,496,9.7,1433,8.2,7,9.8,529,9.6,606,9.3,152,"['reference to harry potter', 'fire', 'fire drill', 'roast', 'heart attack', '5 more']"
78,Lecture Circuit: Part 1,5,"While on lecture tour to other Dunder Mifflin branches, Michael and Pam discover that Jim's ex-girlfriend Karen is pregnant. At the office, Andy falls for a prospective client, and Jim and Dwight try to set up Kelly's birthday party.","[714, 717, 1584, 606, 144, 43, 16, 10, 5, 46]",8.2,789,8,1302,8.1,3885,7.6,10,8.1,882,8,1181,8,341,8.1,2236,8.1,6,8.1,754,8,1024,7.9,269,8.1,343,7,2,8.3,110,7.9,144,8.2,69,"['reference to star wars', 'reference to star wars a new hope', 'reference to texas chainsaw massacre']"
79,Lecture Circuit: Part 2,3,"Michael and Pam go to Nashua and discover that Holly has a new boyfriend. At the office, Jim and Dwight try to come up with a theme for Kelly's birthday party, and Angela gets a new cat.","[677, 676, 1544, 649, 156, 50, 21, 6, 7, 49]",8.1,772,7.9,1284,8,3835,7.9,10,8.1,884,7.9,1154,7.9,334,8,2201,8.3,6,8.1,750,7.9,1001,7.8,264,8.1,340,7,2,8.2,116,7.9,139,8.2,68,"['reference to star wars', 'reference to star wars return of the jedi', 'reference to forrest gump', 'reference to spaceballs']"
80,Blood Drive,7,"Michael holds a lonely hearts party on Valentine's Day at the office, hoping that he will run into a woman he met earlier that day at a blood drive. Meanwhile, Jim and Pam have an awkward lunch with Phillis and Bob Vance.","[643, 508, 1624, 726, 211, 50, 20, 11, 6, 43]",8,809,7.8,1284,7.9,3842,7.6,10,8,877,7.8,1181,7.7,350,7.9,2243,7.9,6,8,747,7.8,1030,7.7,281,7.9,333,8,2,8.1,112,7.7,137,8,67,"['reference to enchanted', 'reference to cinderella', ""valentine's day episode"", 'blood', 'blood donation', '3 more']"
81,Golden Ticket,10,"Michael gets extremely carried away with a new, imaginative idea; placing promotional 'Golden Tickets' - giving the lucky finder 10% off next shipment - in the paper reams, which backfires spectacularly. Placing all five tickets (which do not say 'Limit One Per Customer') in the SAME ream which goes to their biggest client means a 50% deduction. Corporate - not too pleased by this - is looking for someone to blame, and Michael looks to Dwight to take the fall. Meanwhile, Kevin receives three different kinds of romantic advice from Pam, Jim and Andy. The only problem is, all three of them seem to be letting their own past experiences cloud their judgment on the situation.","[1138, 1365, 1130, 329, 108, 29, 15, 6, 5, 60]",8.6,845,8.5,1359,8.6,4185,8.7,12,8.6,948,8.5,1236,8.3,374,8.6,2378,9.2,8,8.7,802,8.5,1070,8.3,296,8.4,370,8.5,2,8.5,123,8.3,150,8.4,76,"['reference to willy wonka', 'golden ticket']"
82,New Boss,3,"Michael gets upset when he gets a new boss to act as a buffer between him and David Wallace, and he gets even more upset when he disbands the Party Planning Committee and cancels Michael's fifteenth anniversary party.","[807, 784, 1533, 519, 138, 45, 18, 9, 13, 51]",8.2,818,8.1,1305,8.2,3917,8.1,11,8.3,891,8.1,1199,8,367,8.2,2273,8.4,7,8.3,762,8.1,1042,7.9,284,8.2,350,8,2,8.2,110,8.1,142,8.4,80,"['reference to ace ventura', 'reference to the simpsons', 'reference to homer simpson']"
83,Two Weeks,5,"Michael leaves the company and thinks about starting with his own Paper Company. When David finds out about Michaels plans he gets the security to throw him out of the Office. Before leaving Michael asks everyone to join him but they all decline his offer, and in the end Pam agrees to join him on the condition that she is a Sales Executive. He asks Jim but he declines.","[832, 927, 1447, 436, 134, 29, 14, 9, 7, 51]",8.3,787,8.2,1295,8.3,3886,8.4,11,8.4,894,8.2,1163,8,356,8.3,2233,8.6,7,8.4,765,8.2,1010,7.9,278,8.3,343,7.5,2,8.3,111,8,140,8.6,75,[]
84,Dream Team,6,Michael and Pam begin their first day as the Michael Scott Paper Company putting together the rest of the staff and trying to raise money.,"[801, 809, 1515, 479, 166, 35, 19, 8, 5, 48]",8.2,792,8,1291,8.2,3885,8.4,10,8.2,902,8.1,1158,7.9,353,8.1,2232,8.6,6,8.2,763,8.1,1009,7.9,275,8.2,350,7.5,2,8.3,119,8,136,8.2,76,"['nbc', 'reference to the michael scott paper company', 'bowling', 'french toast', 'reference to apple', '1 more']"
85,Michael Scott Paper Company,3,"Tension and disillusionment begin to emerge as Michael, Pam, and Ryan move the Michael Scott Paper Company into a cramped ""workspace"" at the business park.","[1255, 1384, 1077, 316, 111, 32, 14, 7, 4, 61]",8.6,841,8.5,1380,8.6,4261,8.9,11,8.7,995,8.5,1255,8.2,350,8.6,2415,8.8,7,8.7,846,8.5,1087,8.1,273,8.5,373,8.5,2,8.6,124,8.3,155,8.6,75,"['nbc', 'reference to the michael scott paper company', 'reference to lady gaga', 'reference to britney spears', 'reference to john denver']"
86,Heavy Competition,4,"Dwight chooses loyalty to Dunder Mifflin over loyalty to Michael, which leads to a bitter battle between Michael and Dwight over Dwight's accounts. Back at Dunder Mifflin, Jim pretends to confide in Andy.","[1105, 1330, 1069, 308, 106, 23, 12, 2, 7, 58]",8.6,793,8.5,1348,8.6,4020,8.7,11,8.7,930,8.5,1206,8.2,351,8.5,2307,9.1,7,8.7,798,8.5,1042,8.2,275,8.5,356,8.5,2,8.6,114,8.4,149,8.5,74,"['reference to highlander', 'nbc', 'reference to the michael scott paper company']"
87,Broke,15,"The Michael Scott Paper Company is gaining clients by offering lower prices than Dunder Mifflin, but is going broke in the process. However, Dunder Mifflin is losing clients to Michael, and is desperate to buy him out.","[2901, 1513, 580, 194, 54, 18, 12, 4, 3, 155]",9.1,941,9.1,1735,9.2,5434,9.4,12,9.3,1291,9.1,1513,8.8,408,9.2,3001,9.3,7,9.4,1107,9.1,1299,8.7,326,9.1,458,9.5,2,9.3,154,8.9,194,9,79,"['reference to the michael scott paper company', 'van', 'buyout']"
88,Casual Friday,8,"Michael returns to Dunder Mifflin and brings Ryan and Pam in as salespeople, but the existing salespeople demand that Michael return the clients they stole back to them. Meanwhile, some employees take the idea of Casual Friday too far.","[776, 787, 1505, 532, 149, 34, 14, 7, 6, 48]",8.2,777,8.1,1305,8.2,3858,8.5,12,8.3,887,8.1,1170,8,348,8.1,2221,8.7,8,8.3,752,8.1,1012,7.9,276,8.2,351,6.5,2,8.3,117,8.1,144,8.6,70,"['nbc', 'reference to the michael scott paper company', 'chili']"
89,Cafe Disco,6,"Michael tries to create a place to escape from work in the storage room that used to house the Michael Scott Paper Company, while Jim and Pam consider taking off and getting married that day.","[1568, 1372, 1005, 353, 108, 42, 19, 10, 8, 64]",8.6,869,8.6,1492,8.7,4549,9.2,12,8.8,1050,8.5,1339,8.3,375,8.6,2511,9.4,7,8.8,865,8.5,1140,8.3,290,8.7,451,8.3,3,9,155,8.6,183,8.4,82,"['reference to the shining', 'nbc', 'husband wife relationship', 'coffee', 'reference to the michael scott paper company', '5 more']"
90,Company Picnic,10,"Michael runs into Holly at the company picnic, and the two of them accidentally reveal that the Buffalo branch is closing during a comedy skit before corporate has made the announcement.","[1856, 1500, 737, 238, 94, 31, 18, 7, 5, 118]",8.8,901,8.8,1478,8.9,4604,9.3,13,9.1,1047,8.8,1350,8.5,383,8.8,2531,9.3,8,9,872,8.7,1150,8.4,301,9,445,9.5,2,9.2,149,8.9,185,8.8,80,"['reference to jaws', 'reference to slumdog millionaire', 'reference to back to the future', 'nbc', 'pregnant lady', '2 more']"
91,Gossip,8,"Michael regrets revealing that Stanley is having an affair, so he spreads a bunch of lies about everyone else to cover his tracks--except that one of the lies that he spread actually turns out to be true.","[1492, 1536, 981, 332, 87, 39, 16, 3, 6, 68]",8.6,872,8.6,1492,8.7,4560,9.1,12,8.8,1049,8.6,1363,8.3,381,8.6,2556,9.3,7,8.8,885,8.6,1165,8.3,300,8.7,424,9.5,2,8.8,139,8.5,182,8.7,79,"['nbc', 'pregnant lady', 'reference to julia stiles', 'reference to james bond', 'gossip']"
92,The Meeting,3,"A request by Jim leaves Michael feeling insecure and defensive. Meanwhile, Pam deals with the guest list for the wedding, and Dwight convinces Toby to investigate Darryl's worker's comp claim","[632, 598, 1521, 654, 161, 52, 12, 4, 9, 51]",8,740,7.9,1274,8,3694,8,10,8.1,856,7.9,1140,7.8,332,8,2158,8.3,6,8.1,729,7.9,996,7.8,259,7.9,331,8.5,2,8,108,7.8,131,8.2,72,"['nbc', 'pregnant lady', 'brother sister relationship', 'cheese']"
93,The Promotion,4,Jim discovers just how hard being the boss can be when David Wallace forces Michael and him to determine which employees will be getting a raise.,"[604, 464, 1521, 710, 197, 75, 21, 11, 7, 57]",7.9,740,7.8,1261,7.9,3667,7.5,10,8,850,7.8,1129,7.6,331,7.8,2146,7.7,6,8,724,7.8,984,7.6,263,7.9,329,8.5,2,8,111,7.7,132,8.1,67,"['nbc', 'pregnant lady', 'reference to david wallace']"
94,Niagara (Parts 1&2),27,"The Office travels to Niagara Falls to celebrate Jim and Pam's wedding under strict orders not to mention Pam's pregnancy. Michael, Dwight, and Andy all want to hook up with guests at the wedding and Michael and Dwight meet twins. Pam is forced to deal with an embarrassing injury for Andy the night before her wedding, while Kevin deals with the loss of his dress shoes on the morning of the ceremony.","[7892, 2458, 1054, 385, 142, 67, 34, 31, 21, 299]",9.2,2110,9.1,3620,9.3,12385,9.8,33,9.4,2958,9.1,3140,8.9,861,9.2,6348,9.9,21,9.4,2443,9.1,2594,8.8,614,9.4,1229,9.5,6,9.5,430,9.3,503,9.2,190,"['nbc', 'pregnant lady', 'niagara falls', 'reference to harry potter', 'pantyhose','wedding', 'pregnant lady', 'niagara falls', 'nbc', 'one night stand', '4 more']"
95,Mafia,13,Michael meets with an insurance salesman that visits the office and is later convinced by Dwight and Andy that he is part of the mafia.,"[560, 392, 1206, 1017, 396, 127, 63, 30, 23, 70]",7.5,802,7.5,1298,7.5,3884,7.3,10,7.6,891,7.4,1193,7.4,347,7.5,2243,7.9,6,7.6,760,7.5,1024,7.4,277,7.4,354,8.5,2,7.6,115,7.2,152,7.7,69,['reference to the godfather']
96,The Lover,7,Michael shocks Jim and Pam when he reveals the identity of the new woman he has been dating. Dwight apologizes to Jim for years of torment with a strange peace offering.,"[1094, 1265, 1080, 392, 108, 39, 19, 7, 8, 66]",8.4,783,8.4,1365,8.5,4078,8.3,11,8.7,953,8.3,1205,8.2,348,8.5,2330,8.6,7,8.7,812,8.4,1046,8.1,278,8.3,351,9,2,8.6,118,8,144,8.7,68,"['national treasure', 'nbc', 'husband wife relationship', 'boyfriend girlfriend relationship', 'mother daughter relationship']"
97,Koi Pond,3,"It's Halloween and the office plans a ""Haunted House"" for the children in the community. And at an important business meeting, Michael falls into a koi pond.","[664, 634, 1502, 590, 167, 56, 10, 8, 6, 47]",8.1,732,7.9,1261,8.1,3684,7.9,11,8.2,866,7.9,1114,7.9,325,8,2124,8.2,7,8.2,725,7.9,966,7.8,260,8.1,340,7.5,2,8.3,121,7.8,136,8.4,64,"['halloween episode', 'halloween', 'reference to saw', 'jigsaw', 'reference to shrek', '6 more']"
98,Double Date,6,"Jim and Pam are out of excuses so they have no choice but to go out with Michael and Helene. Meanwhile, Dwight is strangely doing nice things for everyone in the office.","[638, 582, 1438, 672, 181, 50, 17, 11, 6, 54]",8,725,7.9,1242,8,3649,7.9,10,8.1,860,7.9,1096,7.8,325,8,2121,8.1,6,8.1,733,7.9,955,7.7,260,8,322,8.5,2,8.2,112,7.7,128,8.3,64,"['nbc', 'husband wife relationship', 'mother daughter relationship', 'boyfriend girlfriend relationship', 'double date', '4 more']"
99,Murder,8,"Michael's world is rocked by troubling rumors about Dunder Mifflin. He forces the office into a day of strange diversions, upsetting Jim and leading others to wonder if Michael has gone insane. Meanwhile, Andy finds that his chief obstacle in courting Erin is his own awkwardness.","[1446, 1350, 976, 389, 112, 47, 20, 8, 12, 63]",8.6,852,8.4,1412,8.6,4423,8.9,14,8.7,1030,8.4,1273,8.1,364,8.5,2443,9.2,10,8.7,856,8.4,1091,8.1,288,8.6,418,8,2,8.9,145,8.4,169,8.5,75,"['nbc', 'husband wife relationship', 'reference to david wallace', 'reference to harry potter', 'board game', '5 more']"
100,Shareholder Meeting,5,"Michael speaks out of line at the Dunder Mifflin shareholders meeting and creates a big problem for management, while Jim discovers that nobody in the office thinks he's the ""real"" boss.","[686, 677, 1465, 560, 166, 42, 17, 7, 4, 52]",8,727,8,1250,8.1,3676,7.9,10,8.2,867,8,1107,7.8,324,8,2139,8.3,6,8.2,738,8,975,7.7,254,7.8,316,8.5,2,8,110,7.6,120,8.2,69,"['nbc', 'husband wife relationship']"
101,Scott's Tots,18,"Michael is forced to face the music after he realizes he can't keep a promise he made to a group of kids 10 years ago. Meanwhile, Jim starts an employee of the month program to increase employee morale.","[1084, 873, 1284, 509, 192, 88, 35, 20, 28, 118]",8.1,840,8.1,1360,8.2,4231,8,11,8.3,984,8,1237,7.8,359,8.2,2415,8.6,7,8.4,837,8.1,1080,7.8,284,7.8,369,8.5,2,8.1,125,7.4,144,7.9,72,"['nbc', 'husband wife relationship', 'pantyhose']"
102,Secret Santa,3,"Michael is outraged when Jim allows Phyllis to be Santa at the office Christmas party. Jim and Dwight try to get everyone into the holiday spirit despite the uncertainty with Dunder Mifflin. Meanwhile, Oscar has a secret crush.","[1000, 1081, 1179, 371, 124, 49, 16, 7, 7, 54]",8.4,758,8.3,1306,8.4,3888,8.8,13,8.6,915,8.3,1148,8.1,334,8.4,2217,8.8,9,8.6,770,8.3,996,8,261,8.4,356,9,2,8.6,125,8.2,139,8.5,72,"['christmas party', 'christmas episode', 'christmas', 'nbc', 'husband wife relationship', '1 more']"
103,The Banker,27,"A wealthy investor shows and interest in buying-out Dunder Mifflin and, while he visits the Scranton branch, Michael and the office workers go full out in order to impress him. During the visit, Michael reminisces on the good times he has had during his time in the office.","[970, 315, 629, 958, 696, 414, 192, 143, 106, 319]",6.5,913,6.7,1551,6.8,4742,6.2,12,7.1,1114,6.4,1435,6.7,376,6.6,2706,6.3,8,7,932,6.3,1246,6.5,296,7.3,434,8,2,7.6,154,6.9,169,7.8,78,"['nbc', 'husband wife relationship', 'clip show']"
104,Sabre,5,"When Sabre comes in to take over Dunder Mifflin, Michael struggles to accept Sabre's new policies. Pam and Jim have an interview for a local daycare they really want to get into. Andy and Erin work on a welcome song for Sabre as Erin waits for Andy to ask her out.","[496, 291, 1206, 1032, 314, 100, 20, 15, 10, 54]",7.7,718,7.5,1204,7.6,3538,7.5,10,7.6,827,7.5,1085,7.5,313,7.5,2059,7.7,6,7.6,706,7.5,944,7.4,245,7.6,321,6,2,7.8,106,7.4,129,8.2,67,"['reference to miley cyrus', 'reference to christian slater', 'husband wife relationship', 'hot tub', 'scissors', '1 more']"
105,Manager and Salesman,2,"Sabre's CEO wants the Scranton branch to have one manager, and Michael voluntarily steps down and lets Jim become the boss when he finds out that salespeople make more money. However, he soon comes to regret the decision.","[592, 460, 1471, 690, 148, 45, 19, 7, 2, 48]",8,709,7.9,1192,8,3482,7.8,10,8,822,7.9,1066,7.8,308,7.9,2033,8.1,6,8,702,7.9,931,7.7,239,8,312,8,2,8.2,104,7.7,123,8.5,68,"['reference to saw', 'reference to nancy pelosi', 'nbc', 'husband wife relationship', ""valentine's day""]"
106,The Delivery (Parts 1&2),7,"Pam's contractions begin but she and Jim are determined to wait it out as long as possible so they can have more time at the hospital. Meanwhile the rest of the office tries to distract Pam from the pain with food and entertainment. Michael anxiously waits for Pam and Jim's baby to be born. Back at the office, Erin makes Andy jealous when she has lunch with Kevin.","[1823, 1991, 2310, 802, 250, 80, 37, 35, 15, 115]",8.4,1497,8.2,2488,8.4,7459,8.6,22,8.5,1755,8.2,2216,8,638,8.3,4266,8.8,14,8.5,1478,8.2,1926,7.9,500,8.4,684,9,4,8.7,239,8,266,8.5,136,"['reference to star trek', 'reference to the breakfast club', 'nbc', 'husband wife relationship', 'childbirth','husband wife relationship', 'childbirth', 'finger gun']"
107,St. Patrick's Day,4,"It's St. Patrick's Day, and the CEO forces the office to work late because she won't leave. In addition, Michael unsuccessfully tries to suck up to his new boss, and Andy and Erin's first date is delayed because Erin is sick.","[491, 270, 1192, 1009, 287, 84, 25, 16, 9, 54]",7.6,701,7.5,1179,7.6,3437,7.5,10,7.6,817,7.5,1045,7.4,312,7.5,2020,8.1,6,7.6,699,7.5,912,7.4,244,7.6,308,7.5,2,7.7,101,7.4,121,7.8,67,"['how i met your mother', 'nbc', 'boyfriend girlfriend relationship', 'reference to pam beesly', ""st. patrick's day""]"
108,New Leads,3,"When the sales staff lets Sabre's new ""sales is king"" policy get to their heads, Michael hides their new, prized leads.","[502, 325, 1196, 913, 284, 93, 32, 13, 10, 54]",7.7,687,7.5,1179,7.6,3422,7.4,10,7.7,822,7.5,1026,7.5,303,7.6,1999,8.1,6,7.7,703,7.6,896,7.4,239,7.6,306,7,2,7.7,105,7.3,117,8.1,63,"['reference to casablanca', 'reference to m. night shyamalan', 'reference to johnny depp', 'nbc', 'husband wife relationship', '1 more']"
109,Happy Hour,10,"Oscar gets everybody in the office to go to Happy Hour so that he can hit on a coworker in shipping. Pam tries to set up Michael with a friend at the bar, but Michael's alter ego, ""Date Mike,"" threatens to spoil the entire evening.","[1071, 1177, 996, 414, 120, 38, 16, 10, 7, 58]",8.4,787,8.4,1296,8.5,3907,8.3,10,8.6,923,8.3,1162,8.1,328,8.5,2245,8.4,6,8.7,789,8.4,1010,8.1,261,8.2,339,7.5,2,8.5,112,8.1,139,8.3,66,"['husband wife relationship', 'boyfriend girlfriend relationship', 'gay crush']"
110,Secretary's Day,8,"Andy pulls out all the stops to give Erin a memorable Secretary's Day. Michael reluctantly takes Erin out to lunch and lets slip about Andy's relationship with Angela. Meanwhile, Oscar circulates a viral video he created that compares Kevin's voice to Sesame Street's Cookie Monster.","[502, 352, 1324, 842, 235, 65, 34, 10, 7, 51]",7.8,694,7.6,1172,7.7,3422,6.8,10,7.8,809,7.7,1043,7.5,299,7.7,1997,7.3,6,7.8,694,7.7,904,7.4,235,7.7,309,7,2,7.8,102,7.5,127,8,63,"['reference to madtv', 'reference to sesame street']"
111,Body Language,3,"Pam and Jim work on their first sales pitch together to Donna, the manager of a local restaurant. But Michael keeps misreading the signals she's putting out. Meanwhile, Dwight encourages Kelly to try out for the minority training program.","[582, 359, 1381, 745, 220, 54, 25, 9, 9, 54]",7.8,693,7.8,1172,7.8,3438,7.1,10,7.9,811,7.8,1038,7.7,310,7.8,2015,7.8,6,7.9,697,7.8,904,7.6,246,7.8,300,6.5,2,7.8,99,7.5,121,8.2,63,['husband wife relationship']
112,The Cover-Up,3,"Michael suspects Donna is cheating on him and puts P.I. Dwight Schrute on the case. Meanwhile, Andy is frustrated when no one takes his customer's complaint seriously.","[636, 536, 1430, 570, 164, 39, 16, 4, 4, 48]",8,690,8,1177,8,3447,7.9,10,8.2,820,7.9,1038,7.8,302,8,2004,8.4,6,8.2,701,7.9,905,7.8,235,7.9,310,6.5,2,8.2,104,7.7,121,8.2,66,['husband wife relationship']
113,The Chump,4,"Michael is surprisingly cheerful after learning some bad news about Donna. The new parents, Pam and Jim, have trouble staying awake in the office. Meanwhile, Angela takes matters into her own hands when Dwight refuses to honor their contract.","[489, 276, 1241, 880, 257, 74, 30, 15, 5, 48]",7.7,686,7.6,1130,7.6,3315,7.4,10,7.7,789,7.6,1000,7.5,302,7.6,1943,7.9,6,7.7,674,7.6,872,7.4,240,7.7,299,6,2,7.9,102,7.3,116,8,61,"['reference to the matrix', 'reference to beyonce', 'baseball', 'cake']"
114,Whistleblower,7,"The press finds out that Sabre's printers catch on fire. Jo shows up to the office in hopes of finding out who the whistleblower is. Everyone suspects Andy, who adamantly denies he leaked the information.","[601, 435, 1417, 636, 189, 46, 26, 7, 4, 53]",7.9,699,7.8,1170,7.9,3414,7.9,10,8,817,7.8,1015,7.8,316,7.9,2003,8.2,6,8,699,7.8,888,7.7,254,8,298,8.5,2,8.2,104,7.6,115,8.5,61,"['reference to david wallace', 'husband wife relationship', 'husband wife kiss', 'whistleblower', 'otter']"
115,Nepotism,3,"Michael refuses to fire the new office assistant after everyone complains about his bad attitude. Andy plays it cool after Erin shows interest in another man. Meanwhile, Pam tries to impress Jim by pulling an office prank of her own.","[945, 860, 1317, 508, 138, 46, 14, 4, 8, 61]",8.2,796,8.1,1295,8.2,3901,7.9,10,8.4,919,8.1,1176,8,353,8.2,2254,8.1,6,8.4,777,8.1,1015,8,277,8.2,373,9,2,8.5,125,8,149,8.3,75,"['reference to citizen kane', 'uncle nephew relationship', 'husband wife kiss', 'husband wife relationship', 'boyfriend girlfriend relationship', '11 more']"
116,Counseling,3,"Corporate assigns Michael to counseling with Toby. Dwight vows revenge on the Steamtown Mall after a shop owner snubs him. Meanwhile, Pam conspires to change her job title.","[722, 660, 1380, 502, 165, 43, 17, 5, 2, 49]",8.1,715,8,1181,8.1,3545,8.2,10,8.3,843,7.9,1053,7.9,311,8,2037,8.3,6,8.2,713,7.9,912,7.9,244,8.1,328,8,2,8.5,114,7.8,130,8.2,66,"['connect four', 'counseling']"
117,Andy's Play,5,Andy invites the entire office to his community theater production of Sweeney Todd in hopes that Erin will attend. Michael tries to put his jealousy aside and enjoy the performance while Jim and Pam struggle with their incompetent babysitter.,"[826, 719, 1342, 561, 157, 69, 23, 16, 7, 68]",8.1,778,8,1246,8.1,3788,7.7,10,8.3,893,7.9,1131,7.9,346,8.1,2180,8,6,8.3,757,7.9,975,7.8,270,8.2,355,9,2,8.4,120,8,141,8.2,75,"['reference to sweeny todd', 'reference to the hurt locker', 'reference to law and order', 'singing']"
118,Sex Ed,6,"Michael, believing he has herpes, contacts all his ex-girlfriends, including Jan and Holly. Andy tries to play on Erin's compassionate side by holding a sex education meeting for the office.","[567, 408, 1239, 791, 271, 83, 31, 18, 16, 61]",7.8,717,7.7,1178,7.7,3485,7.3,10,7.9,831,7.7,1062,7.6,313,7.7,2040,7.8,6,7.8,702,7.7,928,7.5,243,7.8,322,7,2,8,114,7.5,122,8.2,69,"['nbc', 'reference to holly flax', 'husband wife relationship', 'reference to herpes']"
119,The Sting,3,"When a competing sales associate steals a Dunder Mifflin client, Michael, Jim, and Dwight decide to set up a sting to find out his sales secrets. Andy decides to start a band after finding out a friend from college has a successful music career.","[517, 343, 1221, 863, 275, 86, 24, 16, 5, 52]",7.7,707,7.6,1156,7.7,3402,7.5,10,7.8,807,7.6,1035,7.5,313,7.7,1993,7.9,6,7.8,686,7.6,901,7.5,243,7.6,317,7,2,7.9,107,7.4,123,8,69,"['reference to josh duhamel', 'reference to steve nash', 'reference to the phoenix suns', 'reference to the nba']"
120,Costume Contest,2,"When Darryl takes an idea to corporate over his head, Michael freaks out. Everyone in the office is in a competitive mood as the Halloween costume contest gets underway. Meanwhile, Pam tries to get the truth out of Danny about their dating history.","[699, 602, 1392, 551, 156, 53, 16, 6, 5, 54]",8.1,724,8,1185,8.1,3534,7.5,10,8.2,846,8,1049,7.8,319,8,2042,7.6,6,8.2,711,7.9,913,7.7,249,8.3,332,8.5,2,8.4,117,8.1,125,8.6,69,"['halloween episode', 'halloween', 'halloween costume', 'popeye costume', 'bobbing for apples', '18 more']"
121,Christening,3,"Pam and Jim's baby, Cece, gets Christened and Michael invites the entire office to celebrate.","[499, 220, 935, 1103, 387, 159, 62, 26, 23, 107]",7.4,730,7.2,1183,7.3,3521,7.3,10,7.5,817,7.2,1070,7.3,327,7.3,2044,7.9,6,7.5,692,7.2,928,7.2,256,7.4,327,8,2,7.6,111,7.2,129,7.9,70,"['reference to the passion of the christ', 'reference to mean girls', 'bus']"
122,Viewing Party,3,"Erin and Gabe invite the office over for a ""Glee"" viewing party. Michael deals poorly with hearing people call Gabe his boss.","[580, 418, 1241, 794, 260, 81, 22, 16, 9, 54]",7.8,701,7.6,1179,7.7,3475,7.5,10,7.9,813,7.6,1056,7.5,305,7.7,2007,8.3,6,7.9,690,7.6,917,7.4,234,7.8,326,6.5,2,8,109,7.5,128,8,70,"[""reference to 'glee' the tv series"", 'vomiting']"
123,WUPHF.com,6,"Some co-workers who invested in Ryan's Internet venture want him to sell, but Michael refuses to go along. Meanwhile, Jim loses his motivation to work when he reaches his commission cap, and Dwight creates a hay festival in the parking lot.","[482, 300, 1168, 963, 293, 75, 21, 8, 7, 51]",7.6,678,7.5,1155,7.6,3368,7.5,10,7.7,811,7.5,1020,7.4,291,7.5,1964,8.1,6,7.7,690,7.5,890,7.3,227,7.7,305,7.5,2,7.9,108,7.4,119,8.1,63,"['reference to lord of the rings', 'hay', 'hay bale', 'hay bale maze', 'commission', '9 more']"
124,China,6,"After reading an article about China growing as a global power, Michael decides China must be stopped before they take over the US. Everyone in the office complains about Dwight's building standards and Pam threatens to move Dunder Mifflin to a new building.","[762, 607, 1364, 551, 156, 41, 14, 9, 5, 53]",8.1,697,8,1202,8.1,3562,8,9,8.3,856,8,1062,7.8,302,8.1,2044,8.4,5,8.3,720,8,918,7.8,236,8,330,7,2,8.3,117,7.8,132,8.2,64,"['episode title spoken by character', ""reference to 'rocky ii' 1979"", 'reference to china', 'reference to megan fox']"
125,Classy Christmas,7,"Michael could not be happier when Toby has to take a leave of absence and corporate sends Holly Flax to cover for him. Pam is forced to do a second Christmas party after Michael wants the party to be on the day Holly returns to Scranton. Meanwhile, Jim regrets agreeing to a snowball fight with Dwight.","[1857, 1410, 757, 235, 90, 30, 14, 9, 6, 127]",8.8,834,8.8,1428,8.9,4535,8.9,10,9.1,1080,8.7,1259,8.3,363,8.8,2481,9,5,9.1,903,8.7,1084,8.3,285,8.8,415,9.5,2,9.2,152,8.6,160,8.5,76,"['christmas episode', 'christmas party', 'episode title spoken by character', 'reference to icarly', 'reference to toy story', '7 more']"
126,Ultimatum,3,"Michael prepares himself for the good or bad news about Holly and her boyfriend. In an effort to be an ""awesome"" office manager, Pam decides to put up a resolution board for everyone to post their New Year's resolutions.","[813, 692, 1319, 516, 139, 46, 12, 5, 3, 51]",8.1,703,8.1,1214,8.2,3596,7.8,9,8.3,872,8,1063,7.9,303,8.1,2076,8.4,5,8.3,736,8,927,7.8,241,8.3,319,8.5,2,8.5,118,8,124,8.4,61,"['nbc', 'new years', 'reference to kelly clarkson']"
127,The Seminar,2,"With Andy's sales at his lowest ever, he gets desperate and holds a small business seminar with the help of some special guests. Michael and Holly turn the event into an improv challenge. Meanwhile, Erin enlists some of her co-workers in her scrabble battle with Gabe.","[533, 292, 1060, 1010, 322, 103, 22, 10, 11, 61]",7.5,698,7.5,1153,7.6,3424,7.5,9,7.7,814,7.4,1043,7.4,305,7.5,2006,7.7,5,7.7,693,7.4,908,7.4,242,7.5,310,7,2,7.8,105,7.3,124,7.8,62,"['suspiria', 'reference to the shining', 'pantyhose']"
128,The Search,4,"When Jim gets an emergency phone call from Helene, he is forced to leave Michael in the bathroom of a gas station. Meanwhile, Holly, Erin, and Dwight set out on a journey to find Michael. Back at the office, Pam's artwork starts a captioning contest that seems to offend Gabe.","[1057, 976, 1150, 358, 123, 45, 18, 10, 4, 48]",8.4,735,8.3,1249,8.4,3789,8.9,9,8.6,915,8.2,1115,8.2,312,8.4,2151,9.2,5,8.6,772,8.2,960,8.1,243,8.4,356,8.5,2,8.7,120,8.1,143,8.8,68,"['nbc', 'husband wife relationship', 'couple gets back together']"
129,PDA,4,"It's Valentine's Day in the Office and the public displays of affection between Michael and Holly are making everyone uncomfortable. The aftermath of a bottomless champagne lunch causes complications for Jim and Pam. After Gabe designs a romantic treasure hunt for Erin, Andy tags along.","[928, 867, 1209, 424, 119, 44, 20, 10, 8, 55]",8.3,734,8.2,1216,8.3,3684,8.4,9,8.5,873,8.1,1091,8.1,315,8.3,2105,9,5,8.5,740,8.2,942,8,244,8.3,345,7.5,2,8.6,118,8,138,8.7,70,"['husband wife relationship', 'husband wife kiss', 'husband wife sex', 'boyfriend girlfriend relationship', 'boyfriend girlfriend kiss', '1 more']"
130,Threat Level Midnight,18,"After eleven years of writing, shooting, re-shooting and editing, Michael is finally ready to present his long-awaited action movie, ""Threat Level Midnight,"" to his coworkers and love interest Holly. But is he ready for their reactions? ""Threat Level Midnight"" stars Michael Scott as ""Agent Michael Scarn,"" Dwight Schrute as Scarn's butler sidekick, and Jim Halpert as archnemesis ""Goldenface,"" along with many familiar faces from Michael's past.","[5250, 1427, 550, 214, 97, 50, 20, 20, 16, 175]",9.1,1230,9.2,2190,9.4,7819,10,18,9.5,1889,9.1,1925,8.7,452,9.3,3968,9.9,13,9.5,1553,9.1,1617,8.6,348,9.3,729,10,2,9.5,275,9.1,285,8.8,99,"['episode title spoken by character', 'hockey', 'puck', 'bomb', 'spy', '17 more']"
131,Todd Packer,2,"After many years and motel rooms, Dunder Mifflin traveling salesman (and Michael Scott's best friend) Todd Packer is ready to leave the road behind and take a desk job in the office. However, it remains to be seen if Jim, Dwight, Holly and the rest of the office are ready for Todd. Elsewhere, after his computer freezes for the millionth time, Andy battles office administrator Pam for a new computer.","[438, 185, 993, 1092, 378, 126, 31, 18, 13, 84]",7.4,691,7.3,1126,7.4,3358,7.1,9,7.4,793,7.3,1013,7.3,300,7.3,1956,7.9,5,7.4,681,7.3,882,7.3,232,7.4,303,6,2,7.6,99,7.1,121,7.6,67,"['reference to edgar allan poe', 'reference to justin bieber', 'reference to bill cosby', 'reference to vivica fox', 'reference to jennifer aniston', '7 more']"
132,Garage Sale,15,Michael decides to propose to Holly.,"[3721, 1381, 504, 174, 63, 29, 9, 5, 6, 149]",9.2,1077,9.2,1813,9.3,6041,9.8,14,9.5,1455,9.1,1647,9,437,9.3,3255,9.6,9,9.5,1225,9.1,1379,9,335,9.3,578,10,2,9.5,194,9.1,245,9.1,98,"['boyfriend girlfriend relationship', 'boyfriend girlfriend kiss', 'marriage proposal', 'big reveal', 'reference to star wars', '4 more']"
133,Training Day,8,"The new manager, Deangelo Vickers, has everyone hoping to make good first impressions: Andy finds himself awkwardly typecast while Jim and Pam worry that they've come on too strong. Only Dwight is apathetic about the new leader.","[540, 325, 1171, 887, 290, 103, 44, 25, 17, 81]",7.7,735,7.6,1169,7.6,3483,7.4,9,7.7,822,7.6,1070,7.6,320,7.7,2056,8,5,7.7,706,7.6,935,7.5,249,7.5,310,7.5,2,7.7,101,7.3,123,7.9,70,['nbc']
134,Michael's Last Dundies,7,Michael trains Deangelo to take over the job of hosting the Dundie Awards.,"[2292, 1460, 726, 244, 104, 31, 14, 12, 8, 102]",8.7,902,8.8,1512,8.9,4993,9.5,14,9.2,1167,8.7,1358,8.4,382,8.8,2649,9.6,9,9.1,968,8.7,1148,8.4,292,8.9,493,8.5,2,9.2,164,8.6,194,8.7,89,"['reference to star wars', 'girlfriend breaks up with boyfriend']"
135,"Goodbye, Michael",63,"Michael, about to leave for Colorado, wants a day without drama to say his goodbyes to each co-worker. Deangelo and Andy scramble to keep Michael's biggest clients.","[11378, 1121, 384, 155, 59, 40, 11, 14, 19, 270]",9.6,1815,9.7,3538,9.8,13451,10,23,9.9,3348,9.6,3088,9.3,591,9.7,6701,10,14,9.9,2824,9.6,2596,9.2,451,9.7,1093,7.5,4,9.8,405,9.5,450,9.5,133,"['paintball', 'last day on the job']"
136,The Inner Circle,6,"Tensions rise and feelings are hurt when Deangelo creates an ""inner circle"" at the office--which is only composed of men.","[485, 291, 1097, 919, 346, 117, 51, 35, 24, 111]",7.6,709,7.5,1175,7.5,3476,7.2,9,7.6,820,7.5,1050,7.4,324,7.5,2023,8,5,7.6,697,7.5,913,7.3,255,7.5,321,3.5,2,7.5,107,7.2,127,8,68,"['basketball', 'reference to rango']"
137,"Dwight K. Schrute, (Acting) Manager",5,"When Jim rejects Jo's offer, Dwight becomes acting manager at the Scranton branch, but an accident could cause his tenure to be short-lived.","[1134, 1207, 947, 290, 92, 38, 12, 9, 5, 71]",8.5,762,8.5,1222,8.6,3805,8.8,9,8.7,881,8.4,1113,8.3,342,8.5,2160,9,5,8.8,751,8.4,973,8.2,261,8.5,337,5,2,8.7,111,8.1,130,8.9,79,"['reference to austin powers', 'reference to 28 days later', 'accidentally firing a gun']"
138,Search Committee,7,"Jim heads a search committee that interviews candidates, including Andy and Darryl. Dwight tries to get back in the race.","[1247, 1252, 902, 308, 107, 50, 22, 9, 8, 101]",8.6,829,8.5,1356,8.6,4006,9.1,9,8.8,931,8.5,1259,8.4,377,8.6,2350,9.4,5,8.8,799,8.5,1087,8.4,297,8.5,374,4.5,2,8.7,115,8.3,161,8.9,79,"['reference to sesame street', ""reference to 'the view' talk show""]"
139,The List,9,"New Dunder Mifflin CEO Robert California leaves a piece of paper with a line down the middle that has names of the Scranton staff on either side of it, leading everyone to try and figure out what it means.","[752, 593, 1329, 572, 180, 74, 20, 28, 12, 95]",8,785,7.9,1219,8,3655,7.7,9,8.1,851,7.9,1157,7.8,332,8,2137,8,5,8.1,722,7.9,986,7.8,257,8,364,4,2,8.3,113,7.9,159,8.2,73,"['husband wife relationship', 'husband wife kiss', 'drawing of penis', 'reference to circumcision', 'enforcer', '5 more']"
140,The Incentive,4,"After a rousing motivational speech, Robert California challenges the office to double their sales. After the new manager promises the unthinkable, everyone in the office suddenly gets motivated to sell. Meanwhile, Pam finds an unlikely pregnancy friend.","[710, 563, 1289, 519, 181, 57, 26, 15, 11, 86]",8,722,7.9,1147,8,3457,8,9,8.2,816,7.9,1054,7.8,311,8,2010,8.4,5,8.1,694,7.9,903,7.7,237,8.2,338,4.5,2,8.4,109,8,138,8.5,73,"['incentive program', 'tattoo on butt', 'tattoo']"
141,Lotto,5,"After the warehouse guys win the lotto and quit, everyone in the office dreams of what it would be like to win big. Andy and Darryl search for new warehouse employees while Jim, Erin, Dwight and Kevin get a taste of warehouse life.","[430, 184, 716, 1130, 440, 153, 59, 40, 21, 128]",7.2,716,7.1,1088,7.2,3301,7.3,9,7.3,773,7.1,1015,7.1,316,7.1,1932,7.5,5,7.3,657,7.1,875,7,241,7.3,322,3.5,2,7.5,102,7,129,7.8,74,"['lottery ticket', 'reference to michael vick', 'dog', 'warehouse', 'lottery', '4 more']"
142,Garden Party,10,"Andy decides to throw a garden party to impress Robert California. Dwight researches how to host a garden party and thinks he has made it a very classy event. Meanwhile, Andy's parents and brother attend but make him feel self-conscious.","[780, 669, 1227, 551, 172, 80, 35, 14, 14, 81]",8,739,7.9,1205,8,3623,7.8,10,8.2,857,7.9,1087,7.9,330,7.9,2073,8.1,6,8.1,721,7.8,926,7.7,249,8.2,376,7.5,2,8.4,120,8,150,8.7,80,"['reference to citizen kane', 'farm', 'garden party', 'basil', 'marmalade', '1 more']"
143,Spooked,5,"Erin is worried that she is about to get fired after she organizes a disastrous office Halloween party for Robert and his son. Meanwhile, Robert probes the minds of the employees to come up with the perfect spooky story.","[499, 254, 930, 923, 325, 117, 47, 26, 20, 101]",7.5,680,7.3,1086,7.4,3242,7.5,8,7.6,765,7.3,991,7.3,298,7.4,1894,8,5,7.5,650,7.2,852,7.2,232,7.7,309,6,1,7.8,101,7.5,128,8.1,65,"['halloween episode', 'reference to rise of the planet of the apes', ""reference to wendy's"", 'halloween party', 'halloween', '14 more']"
144,Doomsday,6,Dwight tries to help the office's efficiency by installing a Doomsday device that will get them all fired if they make too many mistakes.,"[469, 260, 997, 854, 283, 103, 45, 19, 20, 73]",7.6,643,7.4,1069,7.5,3123,7.5,7,7.6,748,7.4,944,7.4,286,7.5,1833,8,5,7.6,637,7.4,815,7.3,219,7.7,296,-,0,7.9,98,7.5,118,7.9,66,[]
145,Pam's Replacement,10,"Pregnant Pam recruits Dwight to prove that Jim finds the office's pretty new temp attractive. Meanwhile, Robert California shocks Andy, Darryl, and Kevin when he asks to join their band.","[576, 324, 1068, 816, 295, 101, 41, 31, 20, 82]",7.6,687,7.6,1139,7.6,3354,6.7,7,7.7,789,7.5,1030,7.5,315,7.6,1945,7.7,5,7.7,660,7.5,885,7.4,235,7.6,341,-,0,7.8,112,7.4,135,7.8,79,['friend']
146,Gettysburg,7,Andy (Ed Helms) decides to motivate and inspire everyone by taking them on a field trip to Gettysburg. Some people in the office stay behind and Robert California (two-time Emmy Award winner James Spader) asks them to come up with Dunder Mifflin/Sabre's next big idea.,"[426, 123, 437, 999, 713, 283, 99, 75, 42, 151]",6.9,707,6.6,1102,6.7,3348,6.7,7,6.8,786,6.6,1027,6.8,312,6.7,1959,7.2,5,6.7,673,6.6,885,6.7,239,7,319,-,0,7.2,101,6.7,131,7.7,72,"['nbc', 'bus ride', 'gettysburg', 'reference to abraham lincoln', 'reference to mary todd lincoln']"
147,Mrs. California,8,"Robert California brings his wife into the office to find her a job. Meanwhile, Dwight opens a gym in the building.","[537, 316, 995, 821, 322, 116, 45, 22, 17, 79]",7.5,674,7.5,1119,7.6,3270,7.2,7,7.7,773,7.4,1004,7.5,305,7.5,1924,7.8,5,7.7,659,7.5,867,7.4,232,7.6,312,-,0,7.9,97,7.4,128,7.8,72,[]
148,Christmas Wishes,3,"Andy tries to make this year's Christmas the best ever by granting each person's holiday wishes. Meanwhile, Robert California tries to drown his sorrows at the office party.","[593, 335, 1192, 645, 226, 73, 38, 11, 8, 74]",7.8,665,7.7,1081,7.8,3195,7.4,7,7.9,770,7.7,966,7.6,309,7.8,1882,7.5,5,7.9,659,7.7,830,7.5,239,7.8,304,-,0,8.1,96,7.5,126,8,69,"['christmas episode', 'christmas', 'christmas party', 'nbc', 'reference to black eyed peas', '1 more']"
149,Trivia,2,"When Oscar joins a trivia night contest, Andy decides to get the whole office involved. Meanwhile, Dwight visits Sabre headquarters to explore other job opportunities.","[516, 373, 1215, 694, 170, 71, 29, 19, 7, 71]",7.8,671,7.7,1068,7.8,3165,7.9,7,7.9,747,7.6,972,7.7,295,7.7,1850,8.2,5,7.9,631,7.6,839,7.6,224,7.9,309,-,0,8.1,102,7.7,122,8.1,70,"['trivia game', 'bar', 'gay bar', 'wrestling']"
150,Pool Party,4,"Robert throws a party for the Dunder Mifflin staff at his house before he puts it on the market because his divorce. At the party, Erin and Dwight agree to flirt with each other to make Andy jealous, and Jim tries in vain to duck out early.","[674, 566, 1208, 544, 227, 74, 27, 22, 15, 76]",7.8,706,7.9,1143,7.9,3433,8,7,8.1,805,7.8,1042,7.7,311,7.9,1964,8,5,8.1,677,7.8,894,7.6,233,8,346,-,0,8.3,114,7.8,137,8.2,77,"['reference to the shining', 'radio disney', 'reference to pam beesly', 'wine', 'nbc', '7 more']"
151,Jury Duty,3,"After Jim returns from jury duty, Dwight questions him on every detail of his case. Meanwhile, Angela and the senator welcome their new baby.","[456, 195, 801, 1023, 321, 115, 42, 19, 18, 98]",7.4,657,7.3,1040,7.4,3088,7.4,7,7.5,733,7.2,942,7.3,291,7.3,1800,7.5,5,7.5,622,7.2,809,7.2,222,7.6,308,-,0,8,101,7.3,122,7.9,68,[]
152,Special Project,3,"Andy puts Dwight in charge of a special project in Tallahassee, but Dwight doesn't like the team Andy's assembled for him. Meanwhile, Darryl tries to figure out the meaning of Val's Valentine's gift.","[454, 223, 1019, 854, 251, 89, 29, 15, 10, 68]",7.6,635,7.5,1025,7.5,3012,7.4,7,7.7,729,7.4,915,7.6,282,7.5,1785,7.9,5,7.6,625,7.5,796,7.5,215,7.6,279,-,0,7.9,90,7.2,110,8,66,"[""valentine's day""]"
153,Tallahassee,5,"After Dwight and his team arrive in Tallahassee, Dwight competes with his Dunder Mifflin coworkers to impress Sabre special projects president, Nellie Bertram. Back in Scranton, Andy avoids being manager when several people in the office demand raises.","[527, 360, 1153, 667, 234, 83, 29, 27, 17, 83]",7.7,663,7.7,1080,7.7,3180,7.7,7,7.8,755,7.6,963,7.6,299,7.7,1858,7.9,5,7.8,646,7.6,830,7.5,229,7.7,300,-,0,8,96,7.4,120,7.9,69,"['appendicitis', 'female stockinged feet', 'pantyhose', 'presentation']"
154,After Hours,4,"In Tallahassee, Dwight and Packer compete to become Nellie's VP, and Jim gets an unwelcome visitor in his room. Meanwhile, Andy makes everyone in the office stay late to cover for the people that went to Florida.","[678, 520, 1222, 501, 168, 71, 27, 16, 17, 78]",7.9,679,7.9,1094,8,3298,7.9,7,8.1,789,7.8,973,7.8,303,7.9,1911,8.2,5,8.1,675,7.8,843,7.7,232,7.9,308,-,0,8.3,102,7.6,118,8,70,['nbc']
155,Test the Store,3,"Dwight prepares a theatrical presentation to impress Nellie at the Sabre Store opening. In Scranton, Andy shows up to work with an embarrassing injury.","[555, 331, 1111, 699, 216, 79, 32, 21, 14, 88]",7.7,641,7.6,1061,7.7,3146,7.9,7,7.9,753,7.5,934,7.5,298,7.7,1810,7.9,5,7.9,635,7.6,801,7.5,224,7.8,313,-,0,8.1,105,7.5,120,7.7,73,"['self defense class', 'pantyhose']"
156,Last Day in Florida,4,"After Robert California reveals that he hates Nellie's business plan, Jim tries to save Dwight from being fired. Meanwhile, Andy learns that Erin isn't coming back to Scranton.","[497, 335, 1069, 712, 215, 86, 31, 21, 15, 80]",7.7,637,7.6,1034,7.7,3061,7.9,7,7.8,733,7.5,920,7.6,288,7.7,1787,7.9,5,7.8,627,7.5,792,7.6,218,7.7,294,-,0,7.9,94,7.4,116,7.9,69,"['reference to star wars', 'reference to tumblr']"
157,Get the Girl,24,"Andy makes a life altering decision and drives across the country to get Erin. Meanwhile, Nellie shows up in Scranton and tries to claim the manager position.","[406, 118, 393, 889, 696, 317, 153, 114, 96, 401]",6.5,725,6.5,1156,6.4,3583,6.5,8,6.5,826,6.4,1078,6.8,321,6.5,2032,7.4,5,6.5,704,6.3,920,6.7,243,6.8,339,-,0,7,103,6.5,143,7.3,75,"['reference to dumbo', 'couple gets back together']"
158,Welcome Party,6,"Robert makes the office throw a welcome party for Nellie, and the party planners try to sabotage it. Meanwhile, Andy and Erin practice how Andy will break up with Jessica.","[421, 117, 527, 1007, 511, 213, 71, 55, 37, 200]",7,667,6.9,1049,6.9,3159,7.1,7,7,758,6.8,952,6.9,305,6.9,1843,7.9,5,7,645,6.8,823,6.8,231,7.1,306,-,0,7.3,99,6.8,118,7.4,73,"['boyfriend girlfriend relationship', 'husband wife relationship', 'party', 'magician']"
159,Angry Andy,28,"Andy and Erin return to Dunder Mifflin, only to discover that Nellie has taken his job and office and refuses to give them up. Meanwhile, Ryan becomes jealous after Pam tries to play matchmaker for Kelly.","[472, 152, 538, 957, 511, 207, 116, 81, 85, 325]",6.9,704,6.8,1123,6.8,3444,6.7,7,6.9,821,6.8,1017,6.9,319,6.8,1977,7.2,5,6.8,698,6.8,873,6.8,244,7.2,325,-,0,7.4,105,6.9,133,7.6,72,"['boyfriend girlfriend relationship', 'boyfriend girlfriend sex', 'reference to the x men', 'horse']"
160,Fundraiser,5,Andy confronts Robert for the first time after losing the manager position and quitting his job at a fund raiser sponsored by Angela's husband.,"[400, 149, 492, 1017, 515, 167, 78, 44, 37, 141]",6.9,652,6.9,1014,6.9,3040,7,7,7,735,6.8,916,6.9,294,6.9,1781,7.8,5,7,628,6.8,787,6.8,219,7.2,302,-,0,7.5,95,7,120,7.4,74,"['reference to smokey robinson', 'reference to the beatles', 'reference to jason mraz', 'boyfriend girlfriend relationship', 'reference to cnn', '5 more']"
161,Turf War,5,"Dwight and Jim fight with the Syracuse over a client after Robert shuts down the Binghamton branch, and Andy sees an opportunity for revenge. Meanwhile Robert tries to figure out the contents of a drunken voicemail to Nellie.","[466, 216, 922, 809, 273, 109, 33, 23, 21, 82]",7.5,618,7.4,1008,7.5,2954,7.4,7,7.6,712,7.4,886,7.4,288,7.5,1726,7.9,5,7.6,610,7.4,763,7.3,217,7.5,288,-,0,7.9,91,7.3,113,7.8,69,"['nbc', 'reference to david wallace', 'husband wife relationship', 'boyfriend girlfriend relationship', 'reference to fast and furious']"
162,Free Family Portrait Studio,9,"With former CEO David Wallace's help, Andy launches a plan to get revenge on the Scranton branch. Meanwhile, Dwight launches his own plan to find out if he's the father of Angela's baby.","[522, 335, 974, 711, 260, 110, 32, 24, 15, 105]",7.5,632,7.5,1037,7.6,3088,7.5,7,7.8,749,7.4,926,7.4,281,7.5,1795,8.2,5,7.7,638,7.4,801,7.3,210,7.6,296,-,0,8,96,7.3,116,7.8,70,"['boyfriend girlfriend relationship', 'husband wife relationship', 'gay kiss']"
163,New Guys,12,"Dwight and Jim are intimidated by the office's newest additions, who are considered younger versions of themselves. Meanwhile, Andy tries to make Nellie's life miserable, and Angela tries to get rid of one of her cats.","[506, 271, 990, 887, 308, 120, 56, 31, 28, 112]",7.5,706,7.3,1082,7.5,3309,6.9,6,7.6,783,7.3,993,7.4,316,7.4,1928,7.5,5,7.6,674,7.3,857,7.3,242,7.6,312,-,0,7.9,99,7.2,122,7.8,72,"['nbc', 'husband wife relationship', 'boyfriend girlfriend relationship', 'gay affair', 'reference to david wallace', '1 more']"
164,Roy's Wedding,3,"After Roy's wedding, Jim and Pam wonder if they still have any secrets they're hiding from each other. Meanwhile, Clark tricks Erin into a ""news audition,"" and Dwight challenges Nellie's new charity initiative.","[417, 143, 574, 1135, 469, 166, 58, 41, 28, 132]",7,677,7,1048,7,3163,6.7,6,7.1,761,6.9,941,6.9,311,7,1852,7.4,5,7.1,654,6.9,803,6.9,239,7.2,308,-,0,7.5,97,7,125,7.4,70,"['reference to james franco', 'reference to rise of the planet of the apes']"
165,Andy's Ancestry,7,"Nellie plays a trick on Andy after researching his ancestry, Dwight teaches Erin a new language, and Pam tries to teach Nellie how to drive.","[441, 163, 742, 1043, 372, 137, 42, 39, 22, 116]",7.3,666,7.2,1034,7.2,3117,7.1,6,7.3,748,7.1,935,7.2,301,7.2,1827,7.5,5,7.3,645,7.1,798,7.1,233,7.4,298,-,0,7.7,94,7.1,125,7.7,66,"['reference to michelle obama', 'reference to star trek', 'reference to game of thrones']"
166,Work Bus,5,"When Jim convinces Dwight that the building is unsafe, Dwight rents a bus and sets up the office inside. Nellie asks for Andy's help in adopting a baby. Meanwhile, Jim tries to make Pam happy with some pie.","[644, 378, 1113, 654, 245, 91, 39, 25, 25, 96]",7.7,699,7.5,1065,7.7,3310,8,7,7.9,794,7.5,962,7.5,311,7.6,1905,8.4,6,7.8,684,7.4,823,7.4,238,7.8,312,-,0,8.1,97,7.6,126,7.7,71,"['reference to saturday night live', 'husband wife relationship', 'boyfriend girlfriend relationship', 'bus', 'pie', '1 more']"
167,Here Comes Treble,7,"It's Halloween in the office and Andy invites his college a cappella group to perform, which leads to a confrontation with his frenemy Broccoli Rob. Meanwhile, Dwight finds evidence that a madman is loose in the office and tries to track him down, and the first meeting of Jim's new job causes a fight with Pam.","[463, 128, 483, 1036, 523, 245, 99, 62, 36, 149]",6.9,702,6.8,1043,6.8,3224,6.7,6,6.9,772,6.7,955,6.8,312,6.8,1879,7.4,5,6.9,669,6.7,825,6.7,237,7.1,300,-,0,7.4,94,6.8,116,7.5,73,"['halloween episode', 'reference to marvel', 'reference to marvel cinematic universe', 'reference to iron man 2', 'reference to black widow', '16 more']"
168,The Boat,6,"Andy must man up when his Dad blows all the family money. When Dwight is interviewed on local radio, Jim and the office torture him with bizarre call-ins. Meanwhile, Kevin discovers a secret about Oscar, and struggles to keep it, while Oscar's fate hangs in the balance.","[535, 347, 988, 770, 240, 107, 53, 20, 14, 97]",7.5,653,7.5,1040,7.6,3171,7.2,7,7.7,777,7.5,920,7.4,287,7.6,1833,7.6,6,7.7,668,7.5,787,7.3,219,7.6,301,-,0,7.7,97,7.3,122,8,66,"['husband wife relationship', 'boyfriend girlfriend relationship', 'reference to david wallace', 'boat']"
169,The Whale,5,"The office trains Dwight to sell to a female client without being offensive, only to discover that the client is Jan Levinson. Angela and Oscar both think the senator is cheating on them, and Jim has trouble on an important conference call.","[450, 253, 935, 846, 283, 95, 39, 24, 7, 99]",7.5,646,7.4,1009,7.5,3031,7.5,6,7.6,742,7.3,892,7.4,288,7.4,1768,8,5,7.6,636,7.3,768,7.3,218,7.6,292,-,0,7.9,95,7.3,111,8,68,"['reference to pulp fiction', 'reference to dirty dancing', 'reference to patrick swayze', 'reference to david wallace', 'reference to skype', '6 more']"
170,The Target,8,"Angela orders a hit on Oscar for cheating with her husband, the office makes a tower with their customer complaint cards, Jim wines and dines Stanley and Phyllis in exchange for a favor, and Pam begins her mural.","[553, 390, 1088, 693, 210, 74, 34, 27, 11, 90]",7.6,665,7.7,1054,7.7,3170,7.6,6,7.9,791,7.5,921,7.6,293,7.7,1836,7.9,5,7.9,673,7.5,789,7.5,221,7.9,309,-,0,8.2,102,7.5,119,8.2,69,"['gay affair', 'reference to andy bernard', 'reference to david wallace', '2010s']"
171,Dwight Christmas,5,"Dwight puts together a Pennsylvania Dutch-themed office Christmas party, but he ends it abruptly because Jim has to leave for his other job. Meanwhile, Erin seeks comfort from a co-worker after a disappointing text from Andy.","[1003, 798, 1005, 439, 148, 57, 20, 15, 16, 80]",8.2,720,8.1,1128,8.2,3581,8.6,6,8.4,877,8,1006,7.8,317,8.2,2014,8.8,5,8.4,740,8,862,7.7,241,8.4,345,-,0,8.7,115,8.1,132,8.5,74,"['christmas episode', 'christmas', 'reference to die hard', 'reference to the matrix', ""reference to it's a wonderful life"", '3 more']"
172,Lice,4,"Pam causes a lice outbreak but lets Meredith take the blame, Jim has a business meeting with Dr. J, and some coworkers try to get Darryl and Val back together.","[501, 278, 977, 816, 273, 101, 47, 29, 23, 94]",7.6,658,7.4,1022,7.5,3139,7.8,6,7.7,768,7.3,911,7.6,294,7.5,1804,8.4,5,7.6,661,7.3,775,7.5,221,7.8,309,-,0,8.1,96,7.4,125,8.2,71,"['lice', 'quarantine', 'mayonnaise', 'hazmat suit', 'shaving head', '7 more']"
173,Suit Warehouse,5,"Dwight and Clark pose as father and son to get an account, Darryl goes for an interview with Jim's new business, and everybody in the office goes crazy over a new espresso machine.","[531, 296, 1113, 691, 212, 72, 46, 21, 14, 86]",7.7,645,7.6,1004,7.7,3082,8,6,7.8,752,7.6,895,7.6,293,7.7,1789,8.4,5,7.8,654,7.6,766,7.5,224,7.8,290,-,0,7.9,88,7.6,116,8.1,67,"['espresso machine', 'pen', 'espresso', 'wig', 'aquarium', '1 more']"
174,Customer Loyalty,5,"Dwight learns that Darryl is working at Jim's company. Dwight decides to teach everyone about company loyalty. Erin is flirting with Pete, and Nellie feels she is the one that pushed them together. Cece has a dance recital and Jim misses it.","[607, 388, 1067, 615, 220, 86, 46, 23, 21, 103]",7.8,658,7.7,1036,7.8,3176,7.3,6,7.9,782,7.6,912,7.6,303,7.8,1843,8,5,7.9,675,7.7,787,7.5,229,7.8,300,-,0,8.1,98,7.5,114,8.1,72,"['wig', 'ballet']"
175,Junior Salesman,4,Dwight gets to hire a new salesman to replace Jim when he is at his other job. But will he promote Clark or go with one of his unqualified friends instead?,"[436, 217, 899, 850, 286, 122, 49, 23, 20, 95]",7.4,619,7.3,998,7.4,2997,7.2,6,7.5,733,7.3,879,7.3,287,7.4,1747,7.9,5,7.5,628,7.3,758,7.2,218,7.6,286,-,0,7.8,95,7.3,109,7.9,67,"['reference to roald dahl', 'reference to x men', 'wig']"
176,Vandalism,4,"Darryl works more at Jim's company and finds out Jim is sloppy. Pam's mural gets vandalized so Dwight and Nellie try to find the vandal. Brian, the boom operator, gets fired for coming to Pam's defense. Angela and Robert host a party; Oscar is invited.","[438, 180, 779, 922, 310, 138, 61, 37, 31, 117]",7.4,640,7.2,989,7.3,3013,6.8,6,7.5,732,7.2,893,7.2,282,7.3,1754,7.8,5,7.4,633,7.2,765,7.1,215,7.6,288,-,0,7.8,91,7.3,116,7.8,65,"['reference to google', 'vandalism', 'wig']"
177,Couples Discount,13,"Andy returns after three months to an angry office and an even angrier girlfriend, and Jim's Valentines Day with Pam does not go as planned.","[417, 156, 640, 963, 409, 164, 78, 36, 43, 162]",7.2,649,7.1,1014,7.1,3068,5.7,6,7.2,750,7.1,900,7.1,292,7.1,1779,6,5,7.1,646,7.1,770,7,223,7.5,294,-,0,7.7,94,7.2,118,7.7,67,"['reference to zooey deschanel', 'new girl', ""valentine's day episode"", 'wig', ""valentine's day""]"
178,Moving On,12,"Andy finds out that Erin dumped him for Pete, Dwight gets Angela's help taking care of his aunt, and Pam interviews with a real estate firm whose boss is a carbon-copy of Michael Scott.","[699, 519, 1114, 535, 185, 76, 47, 24, 31, 95]",7.9,679,7.8,1082,7.9,3325,7.1,6,8.1,798,7.8,971,7.7,312,7.9,1915,7.5,5,8.1,687,7.8,830,7.6,237,7.9,319,-,0,8.2,99,7.4,129,8.2,73,"['reference to a clockwork orange', 'reference to casablanca', 'reference to michael scott', 'wig', 'guitar', '5 more']"
179,The Farm,15,Show follows Dwight Schrute a beet farmer running a bed and breakfast inn.,"[673, 343, 836, 851, 335, 151, 77, 44, 36, 148]",7.3,732,7.3,1086,7.4,3494,7.4,7,7.5,820,7.2,1021,7.3,328,7.3,2015,7.5,6,7.5,704,7.2,880,7.1,250,7.7,325,-,0,7.9,99,7.2,130,8.1,73,"['farm', 'funeral', 'cupcake', 'chicken', 'goat']"
180,Promos,6,"The release of the documentary promos creates tension for the Dunder Mifflin employees, Dwight considers a business venture with his girlfriend's family, and Jim and Darryl have an awkward business meeting with baseball player Ryan Howard.","[620, 370, 1106, 616, 170, 68, 38, 12, 10, 82]",7.9,629,7.7,1014,7.8,3092,7.9,6,7.9,756,7.7,888,7.7,289,7.8,1785,8.2,5,8,657,7.7,767,7.6,216,7.9,284,-,0,8,88,7.7,110,8.4,71,"['nbc', 'reference to ryan howard', 'reference to fifty shades of grey', 'reference to michael scott', 'tractor', '1 more']"
181,Stairmageddon,5,"The staff uses the steps when the elevator is being fixed. Documentary reviews are released, hinting at a sex scandal. The senator tells the press he is gay and his chief of staff is his love. Pam & Jim have a marriage counselor appointment.","[692, 446, 1079, 588, 186, 65, 30, 17, 15, 78]",7.9,644,7.7,1039,7.9,3196,7.9,6,8,777,7.7,911,7.7,291,7.8,1823,8.2,5,8,669,7.7,790,7.5,215,8,295,-,0,8,96,7.7,111,8.6,73,"['episode title spoken by character', 'stairs', 'tranquilizer dart', 'tranquilizer gun', 'shot with a tranquilizer dart', '10 more']"
182,Paper Airplane,14,"The employees hold a paper airplane competition, in which Dwight purposefully aligns himself against Angela. The point being so he can lose and surrender the winnings to her in order to curb her misfortune. Andy gets an acting role in a workplace safety video despite not being qualified. Jim and Pam's marriage tensions continue to build and they share an awkward but loving moment as Jim leaves for Philadelphia.","[747, 441, 1140, 554, 185, 66, 36, 20, 16, 81]",7.9,654,7.7,1048,7.9,3286,7.6,6,8.1,797,7.7,923,7.7,300,7.8,1866,8.2,5,8,685,7.7,797,7.6,225,8.1,304,-,0,8.4,97,7.7,115,8.4,73,"['paper airplane', 'eyepatch', 'hug', 'kiss']"
183,Livin' the Dream,14,"Dwight becomes regional manager after Andy quits his job, Jim dedicates more time to his Dunder Mifflin job to save his marriage, and Angela has problems with her new living arrangements after her breakup with The Senator.","[2381, 1325, 650, 218, 80, 30, 12, 9, 12, 113]",8.8,812,8.8,1406,9,4830,9.1,12,9.2,1151,8.7,1230,8.6,347,8.9,2564,9.4,8,9.2,997,8.8,1057,8.5,263,8.8,387,9,1,9.1,126,8.5,153,9.1,81,"['nbc', 'husband wife relationship', 'karate', 'reference to michael scott', 'singing', '2 more']"
184,A.A.R.M.,7,"Dwight prepares for a marriage proposal and hires an assistant for his assistant, Andy auditions for a singing program, Darryl tries to leave his job without a fuss, and Pam has second thoughts about Jim staying in Scranton.","[4414, 1126, 425, 148, 57, 31, 18, 7, 12, 183]",9.3,1070,9.3,1789,9.4,6421,9.9,13,9.6,1572,9.2,1585,9,423,9.4,3320,9.8,10,9.6,1324,9.2,1326,9,316,9.4,584,10,1,9.6,198,9.2,235,9.3,101,"['nbc', 'marriage proposal', 'husband wife relationship', 'reference to michael scott', 'reference to aaron rodgers', '4 more']"
185,Finale,100,"One year later, Dunder Mifflin employees past and present reunite for a panel discussion about the documentary and to attend Dwight and Angela's wedding.","[14073, 1094, 506, 219, 93, 71, 32, 31, 55, 340]",9.7,2469,9.7,4287,9.8,16514,9.4,37,9.9,4050,9.6,4005,9.4,805,9.8,8386,9.7,21,9.9,3388,9.6,3295,9.4,595,9.8,1549,7.8,13,9.9,536,9.7,655,9.3,204,"['finale', 'series finale', 'reference to harry potter', 'bazooka', 'bachelor party', '14 more']"
